journey_id,customer_id,timestamp,event_order,touchpoint,converted,journey_value,subgroup
JOURNEY-0001,CUSTOMER-0001,2025-04-25T00:34:00+00:00,0,Paid social,0,0.0,New prospects
JOURNEY-0001,CUSTOMER-0001,2025-04-26T03:39:00+00:00,1,Product page,0,0.0,New prospects
JOURNEY-0001,CUSTOMER-0001,2025-04-27T08:42:00+00:00,2,Checkout,0,0.0,New prospects
JOURNEY-0002,CUSTOMER-0002,2025-08-17T05:01:00+00:00,0,Email,1,308.67,Returning evaluators
JOURNEY-0002,CUSTOMER-0002,2025-08-17T19:22:00+00:00,1,Product page,1,308.67,Returning evaluators
JOURNEY-0002,CUSTOMER-0002,2025-08-17T23:27:00+00:00,2,Comparison tool,1,308.67,Returning evaluators
JOURNEY-0002,CUSTOMER-0002,2025-08-18T06:22:00+00:00,3,Checkout,1,308.67,Returning evaluators
JOURNEY-0003,CUSTOMER-0003,2025-05-15T07:10:00+00:00,0,Referral,1,158.83,Existing customers
JOURNEY-0003,CUSTOMER-0003,2025-05-15T16:24:00+00:00,1,Pricing page,1,158.83,Existing customers
JOURNEY-0003,CUSTOMER-0003,2025-05-16T13:34:00+00:00,2,Checkout,1,158.83,Existing customers
JOURNEY-0004,CUSTOMER-0004,2025-04-26T21:32:00+00:00,0,Content article,1,253.18,New prospects
JOURNEY-0004,CUSTOMER-0004,2025-04-27T02:28:00+00:00,1,Product page,1,253.18,New prospects
JOURNEY-0004,CUSTOMER-0004,2025-04-28T03:40:00+00:00,2,Comparison tool,1,253.18,New prospects
JOURNEY-0004,CUSTOMER-0004,2025-04-29T01:52:00+00:00,3,Pricing page,1,253.18,New prospects
JOURNEY-0004,CUSTOMER-0004,2025-04-29T01:57:00+00:00,4,Pricing page,1,253.18,New prospects
JOURNEY-0004,CUSTOMER-0004,2025-04-29T07:28:00+00:00,5,Sales chat,1,253.18,New prospects
JOURNEY-0005,CUSTOMER-0005,2025-01-13T13:25:00+00:00,0,Organic search,0,0.0,Returning evaluators
JOURNEY-0005,CUSTOMER-0005,2025-01-13T17:36:00+00:00,1,Pricing page,0,0.0,Returning evaluators
JOURNEY-0006,CUSTOMER-0006,2025-03-24T12:10:00+00:00,0,Email,1,261.88,Existing customers
JOURNEY-0006,CUSTOMER-0006,2025-03-24T18:31:00+00:00,1,Content article,1,261.88,Existing customers
JOURNEY-0006,CUSTOMER-0006,2025-03-25T04:18:00+00:00,2,Webinar,1,261.88,Existing customers
JOURNEY-0006,CUSTOMER-0006,2025-03-25T15:35:00+00:00,3,Sales chat,1,261.88,Existing customers
JOURNEY-0006,CUSTOMER-0006,2025-03-26T05:04:00+00:00,4,Checkout,1,261.88,Existing customers
JOURNEY-0007,CUSTOMER-0007,2025-06-18T03:35:00+00:00,0,Email,1,188.06,New prospects
JOURNEY-0007,CUSTOMER-0007,2025-06-18T09:00:00+00:00,1,Webinar,1,188.06,New prospects
JOURNEY-0007,CUSTOMER-0007,2025-06-19T04:42:00+00:00,2,Pricing page,1,188.06,New prospects
JOURNEY-0007,CUSTOMER-0007,2025-06-19T06:26:00+00:00,3,Checkout,1,188.06,New prospects
JOURNEY-0008,CUSTOMER-0008,2025-06-10T20:36:00+00:00,0,Organic search,0,0.0,Returning evaluators
JOURNEY-0008,CUSTOMER-0008,2025-06-10T20:55:00+00:00,1,Organic search,0,0.0,Returning evaluators
JOURNEY-0009,CUSTOMER-0009,2025-06-11T20:32:00+00:00,0,Email,1,253.07,Existing customers
JOURNEY-0009,CUSTOMER-0009,2025-06-12T01:53:00+00:00,1,Content article,1,253.07,Existing customers
JOURNEY-0009,CUSTOMER-0009,2025-06-12T12:45:00+00:00,2,Email,1,253.07,Existing customers
JOURNEY-0009,CUSTOMER-0009,2025-06-12T16:18:00+00:00,3,Product page,1,253.07,Existing customers
JOURNEY-0009,CUSTOMER-0009,2025-06-13T02:38:00+00:00,4,Comparison tool,1,253.07,Existing customers
JOURNEY-0009,CUSTOMER-0009,2025-06-13T05:13:00+00:00,5,Sales chat,1,253.07,Existing customers
JOURNEY-0009,CUSTOMER-0009,2025-06-13T17:46:00+00:00,6,Pricing page,1,253.07,Existing customers
JOURNEY-0010,CUSTOMER-0010,2025-10-05T01:30:00+00:00,0,Organic search,0,0.0,New prospects
JOURNEY-0010,CUSTOMER-0010,2025-10-06T08:26:00+00:00,1,Product page,0,0.0,New prospects
JOURNEY-0010,CUSTOMER-0010,2025-10-06T18:06:00+00:00,2,Pricing page,0,0.0,New prospects
JOURNEY-0011,CUSTOMER-0011,2025-11-16T18:10:00+00:00,0,Product page,0,0.0,Returning evaluators
JOURNEY-0011,CUSTOMER-0011,2025-11-17T01:35:00+00:00,1,Sales chat,0,0.0,Returning evaluators
JOURNEY-0011,CUSTOMER-0011,2025-11-17T10:37:00+00:00,2,Pricing page,0,0.0,Returning evaluators
JOURNEY-0011,CUSTOMER-0011,2025-11-17T11:37:00+00:00,3,Checkout,0,0.0,Returning evaluators
JOURNEY-0012,CUSTOMER-0012,2025-07-01T10:07:00+00:00,0,Email,1,219.26,Existing customers
JOURNEY-0012,CUSTOMER-0012,2025-07-02T12:54:00+00:00,1,Pricing page,1,219.26,Existing customers
JOURNEY-0013,CUSTOMER-0013,2025-07-30T08:57:00+00:00,0,Content article,0,0.0,New prospects
JOURNEY-0013,CUSTOMER-0013,2025-07-30T11:19:00+00:00,1,Comparison tool,0,0.0,New prospects
JOURNEY-0013,CUSTOMER-0013,2025-07-30T15:24:00+00:00,2,Product page,0,0.0,New prospects
JOURNEY-0013,CUSTOMER-0013,2025-07-31T00:14:00+00:00,3,Sales chat,0,0.0,New prospects
JOURNEY-0013,CUSTOMER-0013,2025-07-31T13:08:00+00:00,4,Checkout,0,0.0,New prospects
JOURNEY-0014,CUSTOMER-0014,2025-03-31T05:29:00+00:00,0,Organic search,0,0.0,Returning evaluators
JOURNEY-0015,CUSTOMER-0015,2025-08-23T11:31:00+00:00,0,Referral,1,237.24,Existing customers
JOURNEY-0015,CUSTOMER-0015,2025-08-23T14:15:00+00:00,1,Pricing page,1,237.24,Existing customers
JOURNEY-0015,CUSTOMER-0015,2025-08-24T00:33:00+00:00,2,Comparison tool,1,237.24,Existing customers
JOURNEY-0015,CUSTOMER-0015,2025-08-24T08:44:00+00:00,3,Sales chat,1,237.24,Existing customers
JOURNEY-0015,CUSTOMER-0015,2025-08-24T16:57:00+00:00,4,Checkout,1,237.24,Existing customers
JOURNEY-0016,CUSTOMER-0016,2025-03-15T08:02:00+00:00,0,Organic search,0,0.0,New prospects
JOURNEY-0016,CUSTOMER-0016,2025-03-16T05:17:00+00:00,1,Comparison tool,0,0.0,New prospects
JOURNEY-0016,CUSTOMER-0016,2025-03-16T05:40:00+00:00,2,Comparison tool,0,0.0,New prospects
JOURNEY-0016,CUSTOMER-0016,2025-03-16T10:57:00+00:00,3,Product page,0,0.0,New prospects
JOURNEY-0016,CUSTOMER-0016,2025-03-16T19:51:00+00:00,4,Checkout,0,0.0,New prospects
JOURNEY-0017,CUSTOMER-0017,2025-01-22T13:24:00+00:00,0,Email,0,0.0,Returning evaluators
JOURNEY-0017,CUSTOMER-0017,2025-01-23T01:41:00+00:00,1,Product page,0,0.0,Returning evaluators
JOURNEY-0017,CUSTOMER-0017,2025-01-23T02:03:00+00:00,2,Product page,0,0.0,Returning evaluators
JOURNEY-0017,CUSTOMER-0017,2025-01-23T13:01:00+00:00,3,Pricing page,0,0.0,Returning evaluators
JOURNEY-0018,CUSTOMER-0018,2025-08-03T09:45:00+00:00,0,Email,0,0.0,Existing customers
JOURNEY-0018,CUSTOMER-0018,2025-08-03T21:41:00+00:00,1,Webinar,0,0.0,Existing customers
JOURNEY-0018,CUSTOMER-0018,2025-08-04T03:05:00+00:00,2,Email,0,0.0,Existing customers
JOURNEY-0018,CUSTOMER-0018,2025-08-04T05:02:00+00:00,3,Pricing page,0,0.0,Existing customers
JOURNEY-0019,CUSTOMER-0019,2025-01-30T09:51:00+00:00,0,Paid social,0,0.0,New prospects
JOURNEY-0020,CUSTOMER-0020,2025-01-29T06:20:00+00:00,0,Email,1,242.18,Returning evaluators
JOURNEY-0020,CUSTOMER-0020,2025-01-29T13:37:00+00:00,1,Content article,1,242.18,Returning evaluators
JOURNEY-0020,CUSTOMER-0020,2025-01-29T20:42:00+00:00,2,Product page,1,242.18,Returning evaluators
JOURNEY-0020,CUSTOMER-0020,2025-01-30T04:35:00+00:00,3,Sales chat,1,242.18,Returning evaluators
JOURNEY-0020,CUSTOMER-0020,2025-01-30T20:46:00+00:00,4,Checkout,1,242.18,Returning evaluators
JOURNEY-0021,CUSTOMER-0021,2025-04-01T04:55:00+00:00,0,Organic search,0,0.0,Existing customers
JOURNEY-0021,CUSTOMER-0021,2025-04-01T07:40:00+00:00,1,Product page,0,0.0,Existing customers
JOURNEY-0021,CUSTOMER-0021,2025-04-01T13:51:00+00:00,2,Comparison tool,0,0.0,Existing customers
JOURNEY-0022,CUSTOMER-0022,2025-02-06T03:47:00+00:00,0,Paid social,0,0.0,New prospects
JOURNEY-0023,CUSTOMER-0023,2025-05-15T10:29:00+00:00,0,Product page,1,252.49,Returning evaluators
JOURNEY-0023,CUSTOMER-0023,2025-05-16T02:09:00+00:00,1,Pricing page,1,252.49,Returning evaluators
JOURNEY-0023,CUSTOMER-0023,2025-05-16T09:22:00+00:00,2,Checkout,1,252.49,Returning evaluators
JOURNEY-0024,CUSTOMER-0024,2025-03-28T10:54:00+00:00,0,Organic search,0,0.0,Existing customers
JOURNEY-0025,CUSTOMER-0025,2025-06-13T16:59:00+00:00,0,Content article,1,274.02,New prospects
JOURNEY-0025,CUSTOMER-0025,2025-06-14T07:30:00+00:00,1,Organic search,1,274.02,New prospects
JOURNEY-0025,CUSTOMER-0025,2025-06-14T09:24:00+00:00,2,Comparison tool,1,274.02,New prospects
JOURNEY-0025,CUSTOMER-0025,2025-06-14T16:25:00+00:00,3,Sales chat,1,274.02,New prospects
JOURNEY-0025,CUSTOMER-0025,2025-06-14T19:20:00+00:00,4,Checkout,1,274.02,New prospects
JOURNEY-0025,CUSTOMER-0025,2025-06-14T19:30:00+00:00,5,Checkout,1,274.02,New prospects
JOURNEY-0026,CUSTOMER-0026,2025-09-22T09:05:00+00:00,0,Organic search,1,411.92,Returning evaluators
JOURNEY-0026,CUSTOMER-0026,2025-09-23T03:30:00+00:00,1,Pricing page,1,411.92,Returning evaluators
JOURNEY-0026,CUSTOMER-0026,2025-09-23T09:05:00+00:00,2,Sales chat,1,411.92,Returning evaluators
JOURNEY-0026,CUSTOMER-0026,2025-09-23T17:07:00+00:00,3,Product page,1,411.92,Returning evaluators
JOURNEY-0026,CUSTOMER-0026,2025-09-24T06:12:00+00:00,4,Checkout,1,411.92,Returning evaluators
JOURNEY-0027,CUSTOMER-0027,2025-04-11T03:31:00+00:00,0,Email,0,0.0,Existing customers
JOURNEY-0027,CUSTOMER-0027,2025-04-11T05:27:00+00:00,1,Content article,0,0.0,Existing customers
JOURNEY-0028,CUSTOMER-0028,2025-04-16T21:30:00+00:00,0,Organic search,0,0.0,New prospects
JOURNEY-0028,CUSTOMER-0028,2025-04-17T05:07:00+00:00,1,Pricing page,0,0.0,New prospects
JOURNEY-0029,CUSTOMER-0029,2025-06-23T17:37:00+00:00,0,Product page,0,0.0,Returning evaluators
JOURNEY-0030,CUSTOMER-0030,2025-02-09T03:20:00+00:00,0,Webinar,0,0.0,Existing customers
JOURNEY-0030,CUSTOMER-0030,2025-02-09T13:39:00+00:00,1,Product page,0,0.0,Existing customers
JOURNEY-0030,CUSTOMER-0030,2025-02-09T20:14:00+00:00,2,Content article,0,0.0,Existing customers
JOURNEY-0030,CUSTOMER-0030,2025-02-09T20:20:00+00:00,3,Content article,0,0.0,Existing customers
JOURNEY-0030,CUSTOMER-0030,2025-02-10T03:12:00+00:00,4,Email,0,0.0,Existing customers
JOURNEY-0030,CUSTOMER-0030,2025-02-10T09:48:00+00:00,5,Webinar,0,0.0,Existing customers
JOURNEY-0030,CUSTOMER-0030,2025-02-10T18:39:00+00:00,6,Pricing page,0,0.0,Existing customers
JOURNEY-0030,CUSTOMER-0030,2025-02-10T23:38:00+00:00,7,Checkout,0,0.0,Existing customers
JOURNEY-0031,CUSTOMER-0031,2025-08-09T19:49:00+00:00,0,Referral,0,0.0,New prospects
JOURNEY-0031,CUSTOMER-0031,2025-08-10T12:35:00+00:00,1,Product page,0,0.0,New prospects
JOURNEY-0032,CUSTOMER-0032,2025-07-15T03:33:00+00:00,0,Referral,0,0.0,Returning evaluators
JOURNEY-0033,CUSTOMER-0033,2025-03-30T03:44:00+00:00,0,Email,0,0.0,Existing customers
JOURNEY-0033,CUSTOMER-0033,2025-03-30T03:52:00+00:00,1,Email,0,0.0,Existing customers
JOURNEY-0033,CUSTOMER-0033,2025-03-30T13:05:00+00:00,2,Webinar,0,0.0,Existing customers
JOURNEY-0033,CUSTOMER-0033,2025-03-30T18:16:00+00:00,3,Sales chat,0,0.0,Existing customers
JOURNEY-0033,CUSTOMER-0033,2025-03-31T00:40:00+00:00,4,Product page,0,0.0,Existing customers
JOURNEY-0034,CUSTOMER-0034,2025-02-15T15:17:00+00:00,0,Paid social,0,0.0,New prospects
JOURNEY-0034,CUSTOMER-0034,2025-02-16T11:16:00+00:00,1,Content article,0,0.0,New prospects
JOURNEY-0034,CUSTOMER-0034,2025-02-16T21:45:00+00:00,2,Email,0,0.0,New prospects
JOURNEY-0034,CUSTOMER-0034,2025-02-16T22:02:00+00:00,3,Email,0,0.0,New prospects
JOURNEY-0035,CUSTOMER-0035,2025-04-15T04:55:00+00:00,0,Organic search,1,243.6,Returning evaluators
JOURNEY-0035,CUSTOMER-0035,2025-04-15T23:05:00+00:00,1,Product page,1,243.6,Returning evaluators
JOURNEY-0035,CUSTOMER-0035,2025-04-16T11:28:00+00:00,2,Checkout,1,243.6,Returning evaluators
JOURNEY-0036,CUSTOMER-0036,2025-09-15T02:27:00+00:00,0,Product page,1,191.33,Existing customers
JOURNEY-0036,CUSTOMER-0036,2025-09-15T02:41:00+00:00,1,Product page,1,191.33,Existing customers
JOURNEY-0036,CUSTOMER-0036,2025-09-15T17:44:00+00:00,2,Checkout,1,191.33,Existing customers
JOURNEY-0037,CUSTOMER-0037,2025-08-21T15:24:00+00:00,0,Paid social,0,0.0,New prospects
JOURNEY-0037,CUSTOMER-0037,2025-08-22T13:56:00+00:00,1,Email,0,0.0,New prospects
JOURNEY-0037,CUSTOMER-0037,2025-08-22T17:26:00+00:00,2,Content article,0,0.0,New prospects
JOURNEY-0037,CUSTOMER-0037,2025-08-23T17:42:00+00:00,3,Organic search,0,0.0,New prospects
JOURNEY-0037,CUSTOMER-0037,2025-08-24T01:28:00+00:00,4,Content article,0,0.0,New prospects
JOURNEY-0037,CUSTOMER-0037,2025-08-24T16:32:00+00:00,5,Comparison tool,0,0.0,New prospects
JOURNEY-0038,CUSTOMER-0038,2025-04-06T19:18:00+00:00,0,Comparison tool,1,267.11,Returning evaluators
JOURNEY-0038,CUSTOMER-0038,2025-04-07T18:56:00+00:00,1,Checkout,1,267.11,Returning evaluators
JOURNEY-0039,CUSTOMER-0039,2025-04-03T01:56:00+00:00,0,Referral,0,0.0,Existing customers
JOURNEY-0040,CUSTOMER-0040,2025-11-08T07:02:00+00:00,0,Organic search,1,423.08,New prospects
JOURNEY-0040,CUSTOMER-0040,2025-11-08T13:04:00+00:00,1,Product page,1,423.08,New prospects
JOURNEY-0040,CUSTOMER-0040,2025-11-08T19:09:00+00:00,2,Checkout,1,423.08,New prospects
JOURNEY-0041,CUSTOMER-0041,2025-02-28T01:52:00+00:00,0,Organic search,1,146.83,Returning evaluators
JOURNEY-0041,CUSTOMER-0041,2025-03-02T06:44:00+00:00,1,Content article,1,146.83,Returning evaluators
JOURNEY-0041,CUSTOMER-0041,2025-03-02T14:50:00+00:00,2,Product page,1,146.83,Returning evaluators
JOURNEY-0041,CUSTOMER-0041,2025-03-02T17:48:00+00:00,3,Sales chat,1,146.83,Returning evaluators
JOURNEY-0041,CUSTOMER-0041,2025-03-03T00:36:00+00:00,4,Pricing page,1,146.83,Returning evaluators
JOURNEY-0041,CUSTOMER-0041,2025-03-03T06:47:00+00:00,5,Checkout,1,146.83,Returning evaluators
JOURNEY-0042,CUSTOMER-0042,2025-01-24T10:12:00+00:00,0,Product page,1,105.61,Existing customers
JOURNEY-0042,CUSTOMER-0042,2025-01-24T12:58:00+00:00,1,Pricing page,1,105.61,Existing customers
JOURNEY-0042,CUSTOMER-0042,2025-01-24T13:09:00+00:00,2,Pricing page,1,105.61,Existing customers
JOURNEY-0042,CUSTOMER-0042,2025-01-24T18:03:00+00:00,3,Sales chat,1,105.61,Existing customers
JOURNEY-0042,CUSTOMER-0042,2025-01-25T03:20:00+00:00,4,Checkout,1,105.61,Existing customers
JOURNEY-0043,CUSTOMER-0043,2025-02-10T00:47:00+00:00,0,Paid social,0,0.0,New prospects
JOURNEY-0043,CUSTOMER-0043,2025-02-10T15:45:00+00:00,1,Product page,0,0.0,New prospects
JOURNEY-0043,CUSTOMER-0043,2025-02-11T11:13:00+00:00,2,Checkout,0,0.0,New prospects
JOURNEY-0044,CUSTOMER-0044,2025-07-21T22:38:00+00:00,0,Organic search,0,0.0,Returning evaluators
JOURNEY-0044,CUSTOMER-0044,2025-07-22T14:44:00+00:00,1,Product page,0,0.0,Returning evaluators
JOURNEY-0044,CUSTOMER-0044,2025-07-23T07:50:00+00:00,2,Content article,0,0.0,Returning evaluators
JOURNEY-0044,CUSTOMER-0044,2025-07-23T07:56:00+00:00,3,Content article,0,0.0,Returning evaluators
JOURNEY-0045,CUSTOMER-0045,2025-08-15T17:57:00+00:00,0,Referral,0,0.0,Existing customers
JOURNEY-0046,CUSTOMER-0046,2025-01-13T06:34:00+00:00,0,Content article,0,0.0,New prospects
JOURNEY-0046,CUSTOMER-0046,2025-01-13T13:00:00+00:00,1,Product page,0,0.0,New prospects
JOURNEY-0046,CUSTOMER-0046,2025-01-14T03:30:00+00:00,2,Comparison tool,0,0.0,New prospects
JOURNEY-0046,CUSTOMER-0046,2025-01-14T03:47:00+00:00,3,Comparison tool,0,0.0,New prospects
JOURNEY-0046,CUSTOMER-0046,2025-01-14T14:17:00+00:00,4,Checkout,0,0.0,New prospects
JOURNEY-0047,CUSTOMER-0047,2025-06-16T09:33:00+00:00,0,Comparison tool,0,0.0,Returning evaluators
JOURNEY-0048,CUSTOMER-0048,2025-08-03T23:47:00+00:00,0,Referral,1,137.83,Existing customers
JOURNEY-0048,CUSTOMER-0048,2025-08-04T00:48:00+00:00,1,Product page,1,137.83,Existing customers
JOURNEY-0048,CUSTOMER-0048,2025-08-04T01:57:00+00:00,2,Pricing page,1,137.83,Existing customers
JOURNEY-0048,CUSTOMER-0048,2025-08-04T03:05:00+00:00,3,Checkout,1,137.83,Existing customers
JOURNEY-0049,CUSTOMER-0049,2025-03-07T09:42:00+00:00,0,Paid social,1,105.7,New prospects
JOURNEY-0049,CUSTOMER-0049,2025-03-07T21:50:00+00:00,1,Product page,1,105.7,New prospects
JOURNEY-0049,CUSTOMER-0049,2025-03-08T09:55:00+00:00,2,Checkout,1,105.7,New prospects
JOURNEY-0049,CUSTOMER-0049,2025-03-08T15:56:00+00:00,3,Sales chat,1,105.7,New prospects
JOURNEY-0049,CUSTOMER-0049,2025-03-09T09:41:00+00:00,4,Product page,1,105.7,New prospects
JOURNEY-0049,CUSTOMER-0049,2025-03-09T11:05:00+00:00,5,Checkout,1,105.7,New prospects
JOURNEY-0050,CUSTOMER-0050,2025-11-01T03:06:00+00:00,0,Product page,1,495.05,Returning evaluators
JOURNEY-0050,CUSTOMER-0050,2025-11-01T11:27:00+00:00,1,Checkout,1,495.05,Returning evaluators
JOURNEY-0051,CUSTOMER-0051,2025-03-10T12:46:00+00:00,0,Email,0,0.0,Existing customers
JOURNEY-0051,CUSTOMER-0051,2025-03-10T13:06:00+00:00,1,Email,0,0.0,Existing customers
JOURNEY-0052,CUSTOMER-0052,2025-04-20T16:02:00+00:00,0,Organic search,0,0.0,New prospects
JOURNEY-0052,CUSTOMER-0052,2025-04-21T04:30:00+00:00,1,Product page,0,0.0,New prospects
JOURNEY-0053,CUSTOMER-0053,2025-10-28T15:10:00+00:00,0,Product page,1,355.84,Returning evaluators
JOURNEY-0053,CUSTOMER-0053,2025-10-28T20:23:00+00:00,1,Comparison tool,1,355.84,Returning evaluators
JOURNEY-0053,CUSTOMER-0053,2025-10-29T08:12:00+00:00,2,Sales chat,1,355.84,Returning evaluators
JOURNEY-0053,CUSTOMER-0053,2025-10-30T02:28:00+00:00,3,Checkout,1,355.84,Returning evaluators
JOURNEY-0054,CUSTOMER-0054,2025-05-28T13:36:00+00:00,0,Webinar,0,0.0,Existing customers
JOURNEY-0054,CUSTOMER-0054,2025-05-28T22:24:00+00:00,1,Pricing page,0,0.0,Existing customers
JOURNEY-0054,CUSTOMER-0054,2025-05-29T00:03:00+00:00,2,Sales chat,0,0.0,Existing customers
JOURNEY-0055,CUSTOMER-0055,2025-05-27T20:20:00+00:00,0,Organic search,0,0.0,New prospects
JOURNEY-0055,CUSTOMER-0055,2025-05-28T02:53:00+00:00,1,Content article,0,0.0,New prospects
JOURNEY-0056,CUSTOMER-0056,2025-06-15T15:10:00+00:00,0,Product page,0,0.0,Returning evaluators
JOURNEY-0057,CUSTOMER-0057,2025-04-15T17:05:00+00:00,0,Product page,0,0.0,Existing customers
JOURNEY-0057,CUSTOMER-0057,2025-04-16T05:20:00+00:00,1,Comparison tool,0,0.0,Existing customers
JOURNEY-0057,CUSTOMER-0057,2025-04-17T14:17:00+00:00,2,Checkout,0,0.0,Existing customers
JOURNEY-0058,CUSTOMER-0058,2025-11-10T04:03:00+00:00,0,Organic search,0,0.0,New prospects
JOURNEY-0058,CUSTOMER-0058,2025-11-11T03:49:00+00:00,1,Content article,0,0.0,New prospects
JOURNEY-0058,CUSTOMER-0058,2025-11-11T22:48:00+00:00,2,Webinar,0,0.0,New prospects
JOURNEY-0058,CUSTOMER-0058,2025-11-12T14:33:00+00:00,3,Pricing page,0,0.0,New prospects
JOURNEY-0058,CUSTOMER-0058,2025-11-13T09:42:00+00:00,4,Checkout,0,0.0,New prospects
JOURNEY-0059,CUSTOMER-0059,2025-08-06T09:15:00+00:00,0,Referral,0,0.0,Returning evaluators
JOURNEY-0059,CUSTOMER-0059,2025-08-06T17:01:00+00:00,1,Content article,0,0.0,Returning evaluators
JOURNEY-0060,CUSTOMER-0060,2025-07-16T09:35:00+00:00,0,Email,1,284.48,Existing customers
JOURNEY-0060,CUSTOMER-0060,2025-07-16T19:01:00+00:00,1,Webinar,1,284.48,Existing customers
JOURNEY-0060,CUSTOMER-0060,2025-07-17T00:47:00+00:00,2,Pricing page,1,284.48,Existing customers
JOURNEY-0061,CUSTOMER-0061,2025-01-31T02:30:00+00:00,0,Paid social,0,0.0,New prospects
JOURNEY-0061,CUSTOMER-0061,2025-02-01T10:16:00+00:00,1,Email,0,0.0,New prospects
JOURNEY-0061,CUSTOMER-0061,2025-02-02T01:40:00+00:00,2,Webinar,0,0.0,New prospects
JOURNEY-0061,CUSTOMER-0061,2025-02-02T09:40:00+00:00,3,Email,0,0.0,New prospects
JOURNEY-0061,CUSTOMER-0061,2025-02-03T07:52:00+00:00,4,Webinar,0,0.0,New prospects
JOURNEY-0061,CUSTOMER-0061,2025-02-04T00:30:00+00:00,5,Sales chat,0,0.0,New prospects
JOURNEY-0061,CUSTOMER-0061,2025-02-04T10:25:00+00:00,6,Checkout,0,0.0,New prospects
JOURNEY-0062,CUSTOMER-0062,2025-01-27T04:13:00+00:00,0,Email,1,189.32,Returning evaluators
JOURNEY-0062,CUSTOMER-0062,2025-01-27T21:04:00+00:00,1,Webinar,1,189.32,Returning evaluators
JOURNEY-0062,CUSTOMER-0062,2025-01-27T21:19:00+00:00,2,Webinar,1,189.32,Returning evaluators
JOURNEY-0063,CUSTOMER-0063,2025-09-25T08:33:00+00:00,0,Referral,1,189.34,Existing customers
JOURNEY-0063,CUSTOMER-0063,2025-09-25T10:50:00+00:00,1,Content article,1,189.34,Existing customers
JOURNEY-0063,CUSTOMER-0063,2025-09-25T11:06:00+00:00,2,Content article,1,189.34,Existing customers
JOURNEY-0063,CUSTOMER-0063,2025-09-26T05:13:00+00:00,3,Product page,1,189.34,Existing customers
JOURNEY-0063,CUSTOMER-0063,2025-09-26T16:24:00+00:00,4,Comparison tool,1,189.34,Existing customers
JOURNEY-0063,CUSTOMER-0063,2025-09-26T23:27:00+00:00,5,Pricing page,1,189.34,Existing customers
JOURNEY-0063,CUSTOMER-0063,2025-09-27T11:19:00+00:00,6,Checkout,1,189.34,Existing customers
JOURNEY-0064,CUSTOMER-0064,2025-06-07T16:13:00+00:00,0,Paid social,1,264.85,New prospects
JOURNEY-0064,CUSTOMER-0064,2025-06-08T19:43:00+00:00,1,Content article,1,264.85,New prospects
JOURNEY-0064,CUSTOMER-0064,2025-06-09T06:47:00+00:00,2,Email,1,264.85,New prospects
JOURNEY-0064,CUSTOMER-0064,2025-06-09T10:03:00+00:00,3,Product page,1,264.85,New prospects
JOURNEY-0064,CUSTOMER-0064,2025-06-10T01:57:00+00:00,4,Checkout,1,264.85,New prospects
JOURNEY-0065,CUSTOMER-0065,2025-02-04T17:52:00+00:00,0,Product page,1,381.14,Returning evaluators
JOURNEY-0065,CUSTOMER-0065,2025-02-04T22:19:00+00:00,1,Checkout,1,381.14,Returning evaluators
JOURNEY-0065,CUSTOMER-0065,2025-02-05T07:32:00+00:00,2,Sales chat,1,381.14,Returning evaluators
JOURNEY-0065,CUSTOMER-0065,2025-02-05T12:25:00+00:00,3,Checkout,1,381.14,Returning evaluators
JOURNEY-0066,CUSTOMER-0066,2025-04-22T23:05:00+00:00,0,Referral,1,248.39,Existing customers
JOURNEY-0066,CUSTOMER-0066,2025-04-23T04:04:00+00:00,1,Content article,1,248.39,Existing customers
JOURNEY-0066,CUSTOMER-0066,2025-04-23T04:21:00+00:00,2,Content article,1,248.39,Existing customers
JOURNEY-0066,CUSTOMER-0066,2025-04-25T06:32:00+00:00,3,Webinar,1,248.39,Existing customers
JOURNEY-0066,CUSTOMER-0066,2025-04-27T03:30:00+00:00,4,Sales chat,1,248.39,Existing customers
JOURNEY-0067,CUSTOMER-0067,2025-04-19T05:34:00+00:00,0,Paid social,0,0.0,New prospects
JOURNEY-0068,CUSTOMER-0068,2025-08-20T07:49:00+00:00,0,Product page,0,0.0,Returning evaluators
JOURNEY-0068,CUSTOMER-0068,2025-08-21T02:54:00+00:00,1,Pricing page,0,0.0,Returning evaluators
JOURNEY-0069,CUSTOMER-0069,2025-07-26T06:34:00+00:00,0,Email,0,0.0,Existing customers
JOURNEY-0070,CUSTOMER-0070,2025-11-02T03:55:00+00:00,0,Referral,0,0.0,New prospects
JOURNEY-0071,CUSTOMER-0071,2025-10-05T09:16:00+00:00,0,Email,1,316.8,Returning evaluators
JOURNEY-0071,CUSTOMER-0071,2025-10-05T17:58:00+00:00,1,Webinar,1,316.8,Returning evaluators
JOURNEY-0072,CUSTOMER-0072,2025-05-31T03:03:00+00:00,0,Referral,0,0.0,Existing customers
JOURNEY-0073,CUSTOMER-0073,2025-06-29T04:04:00+00:00,0,Paid social,0,0.0,New prospects
JOURNEY-0073,CUSTOMER-0073,2025-06-30T16:09:00+00:00,1,Content article,0,0.0,New prospects
JOURNEY-0073,CUSTOMER-0073,2025-07-01T03:18:00+00:00,2,Organic search,0,0.0,New prospects
JOURNEY-0073,CUSTOMER-0073,2025-07-01T11:29:00+00:00,3,Content article,0,0.0,New prospects
JOURNEY-0073,CUSTOMER-0073,2025-07-01T11:42:00+00:00,4,Content article,0,0.0,New prospects
JOURNEY-0074,CUSTOMER-0074,2025-03-08T18:46:00+00:00,0,Referral,0,0.0,Returning evaluators
JOURNEY-0075,CUSTOMER-0075,2025-11-07T10:44:00+00:00,0,Email,0,0.0,Existing customers
JOURNEY-0076,CUSTOMER-0076,2025-10-08T08:12:00+00:00,0,Paid social,0,0.0,New prospects
JOURNEY-0076,CUSTOMER-0076,2025-10-08T18:36:00+00:00,1,Product page,0,0.0,New prospects
JOURNEY-0077,CUSTOMER-0077,2025-08-03T08:02:00+00:00,0,Comparison tool,1,148.83,Returning evaluators
JOURNEY-0077,CUSTOMER-0077,2025-08-03T20:00:00+00:00,1,Sales chat,1,148.83,Returning evaluators
JOURNEY-0077,CUSTOMER-0077,2025-08-04T13:28:00+00:00,2,Pricing page,1,148.83,Returning evaluators
JOURNEY-0077,CUSTOMER-0077,2025-08-05T22:11:00+00:00,3,Checkout,1,148.83,Returning evaluators
JOURNEY-0078,CUSTOMER-0078,2025-07-07T08:17:00+00:00,0,Referral,0,0.0,Existing customers
JOURNEY-0078,CUSTOMER-0078,2025-07-08T06:58:00+00:00,1,Product page,0,0.0,Existing customers
JOURNEY-0079,CUSTOMER-0079,2025-05-29T01:56:00+00:00,0,Content article,0,0.0,New prospects
JOURNEY-0079,CUSTOMER-0079,2025-05-29T02:17:00+00:00,1,Product page,0,0.0,New prospects
JOURNEY-0080,CUSTOMER-0080,2025-10-16T14:12:00+00:00,0,Organic search,0,0.0,Returning evaluators
JOURNEY-0080,CUSTOMER-0080,2025-10-17T04:05:00+00:00,1,Product page,0,0.0,Returning evaluators
JOURNEY-0080,CUSTOMER-0080,2025-10-17T06:48:00+00:00,2,Comparison tool,0,0.0,Returning evaluators
JOURNEY-0080,CUSTOMER-0080,2025-10-18T14:36:00+00:00,3,Product page,0,0.0,Returning evaluators
JOURNEY-0080,CUSTOMER-0080,2025-10-19T11:47:00+00:00,4,Comparison tool,0,0.0,Returning evaluators
JOURNEY-0080,CUSTOMER-0080,2025-10-19T18:04:00+00:00,5,Checkout,0,0.0,Returning evaluators
JOURNEY-0081,CUSTOMER-0081,2025-07-27T10:26:00+00:00,0,Email,0,0.0,Existing customers
JOURNEY-0082,CUSTOMER-0082,2025-07-09T10:55:00+00:00,0,Paid social,0,0.0,New prospects
JOURNEY-0083,CUSTOMER-0083,2025-10-24T09:22:00+00:00,0,Email,0,0.0,Returning evaluators
JOURNEY-0083,CUSTOMER-0083,2025-10-24T12:49:00+00:00,1,Webinar,0,0.0,Returning evaluators
JOURNEY-0083,CUSTOMER-0083,2025-10-24T17:53:00+00:00,2,Pricing page,0,0.0,Returning evaluators
JOURNEY-0083,CUSTOMER-0083,2025-10-25T23:48:00+00:00,3,Checkout,0,0.0,Returning evaluators
JOURNEY-0083,CUSTOMER-0083,2025-10-26T07:32:00+00:00,4,Sales chat,0,0.0,Returning evaluators
JOURNEY-0083,CUSTOMER-0083,2025-10-26T12:52:00+00:00,5,Checkout,0,0.0,Returning evaluators
JOURNEY-0084,CUSTOMER-0084,2025-07-07T19:02:00+00:00,0,Email,1,301.64,Existing customers
JOURNEY-0084,CUSTOMER-0084,2025-07-08T20:28:00+00:00,1,Pricing page,1,301.64,Existing customers
JOURNEY-0085,CUSTOMER-0085,2025-09-27T07:46:00+00:00,0,Content article,1,206.89,New prospects
JOURNEY-0085,CUSTOMER-0085,2025-09-28T01:40:00+00:00,1,Product page,1,206.89,New prospects
JOURNEY-0085,CUSTOMER-0085,2025-09-29T02:06:00+00:00,2,Comparison tool,1,206.89,New prospects
JOURNEY-0085,CUSTOMER-0085,2025-09-30T04:37:00+00:00,3,Sales chat,1,206.89,New prospects
JOURNEY-0085,CUSTOMER-0085,2025-09-30T11:54:00+00:00,4,Pricing page,1,206.89,New prospects
JOURNEY-0085,CUSTOMER-0085,2025-09-30T19:13:00+00:00,5,Checkout,1,206.89,New prospects
JOURNEY-0085,CUSTOMER-0085,2025-09-30T19:27:00+00:00,6,Checkout,1,206.89,New prospects
JOURNEY-0086,CUSTOMER-0086,2025-08-22T19:39:00+00:00,0,Email,0,0.0,Returning evaluators
JOURNEY-0086,CUSTOMER-0086,2025-08-23T06:03:00+00:00,1,Webinar,0,0.0,Returning evaluators
JOURNEY-0086,CUSTOMER-0086,2025-08-23T08:55:00+00:00,2,Email,0,0.0,Returning evaluators
JOURNEY-0086,CUSTOMER-0086,2025-08-25T00:54:00+00:00,3,Product page,0,0.0,Returning evaluators
JOURNEY-0086,CUSTOMER-0086,2025-08-25T20:03:00+00:00,4,Pricing page,0,0.0,Returning evaluators
JOURNEY-0086,CUSTOMER-0086,2025-08-26T16:50:00+00:00,5,Checkout,0,0.0,Returning evaluators
JOURNEY-0087,CUSTOMER-0087,2025-01-11T18:32:00+00:00,0,Product page,0,0.0,Existing customers
JOURNEY-0087,CUSTOMER-0087,2025-01-12T09:54:00+00:00,1,Pricing page,0,0.0,Existing customers
JOURNEY-0088,CUSTOMER-0088,2025-04-09T01:33:00+00:00,0,Organic search,1,286.32,New prospects
JOURNEY-0088,CUSTOMER-0088,2025-04-09T04:29:00+00:00,1,Product page,1,286.32,New prospects
JOURNEY-0088,CUSTOMER-0088,2025-04-09T07:34:00+00:00,2,Pricing page,1,286.32,New prospects
JOURNEY-0088,CUSTOMER-0088,2025-04-11T05:46:00+00:00,3,Checkout,1,286.32,New prospects
JOURNEY-0089,CUSTOMER-0089,2025-07-21T04:40:00+00:00,0,Organic search,1,178.48,Returning evaluators
JOURNEY-0089,CUSTOMER-0089,2025-07-21T16:21:00+00:00,1,Content article,1,178.48,Returning evaluators
JOURNEY-0089,CUSTOMER-0089,2025-07-22T04:59:00+00:00,2,Product page,1,178.48,Returning evaluators
JOURNEY-0089,CUSTOMER-0089,2025-07-22T20:38:00+00:00,3,Sales chat,1,178.48,Returning evaluators
JOURNEY-0089,CUSTOMER-0089,2025-07-22T20:43:00+00:00,4,Sales chat,1,178.48,Returning evaluators
JOURNEY-0089,CUSTOMER-0089,2025-07-23T01:45:00+00:00,5,Checkout,1,178.48,Returning evaluators
JOURNEY-0089,CUSTOMER-0089,2025-07-23T15:19:00+00:00,6,Pricing page,1,178.48,Returning evaluators
JOURNEY-0089,CUSTOMER-0089,2025-07-23T22:10:00+00:00,7,Checkout,1,178.48,Returning evaluators
JOURNEY-0090,CUSTOMER-0090,2025-05-18T08:36:00+00:00,0,Organic search,1,253.59,Existing customers
JOURNEY-0090,CUSTOMER-0090,2025-05-18T11:30:00+00:00,1,Comparison tool,1,253.59,Existing customers
JOURNEY-0090,CUSTOMER-0090,2025-05-18T15:57:00+00:00,2,Checkout,1,253.59,Existing customers
JOURNEY-0091,CUSTOMER-0091,2025-05-01T02:41:00+00:00,0,Organic search,0,0.0,New prospects
JOURNEY-0091,CUSTOMER-0091,2025-05-02T15:22:00+00:00,1,Content article,0,0.0,New prospects
JOURNEY-0091,CUSTOMER-0091,2025-05-02T15:41:00+00:00,2,Content article,0,0.0,New prospects
JOURNEY-0091,CUSTOMER-0091,2025-05-03T08:55:00+00:00,3,Comparison tool,0,0.0,New prospects
JOURNEY-0091,CUSTOMER-0091,2025-05-03T16:55:00+00:00,4,Pricing page,0,0.0,New prospects
JOURNEY-0092,CUSTOMER-0092,2025-09-04T21:24:00+00:00,0,Organic search,1,203.58,Returning evaluators
JOURNEY-0092,CUSTOMER-0092,2025-09-04T21:30:00+00:00,1,Organic search,1,203.58,Returning evaluators
JOURNEY-0092,CUSTOMER-0092,2025-09-04T23:19:00+00:00,2,Content article,1,203.58,Returning evaluators
JOURNEY-0092,CUSTOMER-0092,2025-09-05T06:20:00+00:00,3,Comparison tool,1,203.58,Returning evaluators
JOURNEY-0092,CUSTOMER-0092,2025-09-06T04:15:00+00:00,4,Pricing page,1,203.58,Returning evaluators
JOURNEY-0092,CUSTOMER-0092,2025-09-06T06:44:00+00:00,5,Sales chat,1,203.58,Returning evaluators
JOURNEY-0092,CUSTOMER-0092,2025-09-06T20:45:00+00:00,6,Pricing page,1,203.58,Returning evaluators
JOURNEY-0093,CUSTOMER-0093,2025-04-26T07:54:00+00:00,0,Email,1,651.61,Existing customers
JOURNEY-0093,CUSTOMER-0093,2025-04-27T00:30:00+00:00,1,Webinar,1,651.61,Existing customers
JOURNEY-0093,CUSTOMER-0093,2025-04-27T12:36:00+00:00,2,Email,1,651.61,Existing customers
JOURNEY-0093,CUSTOMER-0093,2025-04-27T21:10:00+00:00,3,Webinar,1,651.61,Existing customers
JOURNEY-0094,CUSTOMER-0094,2025-10-18T05:59:00+00:00,0,Paid social,0,0.0,New prospects
JOURNEY-0095,CUSTOMER-0095,2025-06-09T08:06:00+00:00,0,Organic search,1,245.7,Returning evaluators
JOURNEY-0095,CUSTOMER-0095,2025-06-09T15:12:00+00:00,1,Product page,1,245.7,Returning evaluators
JOURNEY-0095,CUSTOMER-0095,2025-06-09T15:34:00+00:00,2,Product page,1,245.7,Returning evaluators
JOURNEY-0095,CUSTOMER-0095,2025-06-10T04:14:00+00:00,3,Comparison tool,1,245.7,Returning evaluators
JOURNEY-0095,CUSTOMER-0095,2025-06-10T16:29:00+00:00,4,Pricing page,1,245.7,Returning evaluators
JOURNEY-0095,CUSTOMER-0095,2025-06-11T02:24:00+00:00,5,Checkout,1,245.7,Returning evaluators
JOURNEY-0096,CUSTOMER-0096,2025-06-21T05:46:00+00:00,0,Organic search,0,0.0,Existing customers
JOURNEY-0096,CUSTOMER-0096,2025-06-21T14:59:00+00:00,1,Product page,0,0.0,Existing customers
JOURNEY-0096,CUSTOMER-0096,2025-06-23T04:28:00+00:00,2,Pricing page,0,0.0,Existing customers
JOURNEY-0096,CUSTOMER-0096,2025-06-24T06:46:00+00:00,3,Checkout,0,0.0,Existing customers
JOURNEY-0097,CUSTOMER-0097,2025-08-10T05:25:00+00:00,0,Paid social,0,0.0,New prospects
JOURNEY-0098,CUSTOMER-0098,2025-11-02T09:56:00+00:00,0,Referral,0,0.0,Returning evaluators
JOURNEY-0098,CUSTOMER-0098,2025-11-03T03:42:00+00:00,1,Product page,0,0.0,Returning evaluators
JOURNEY-0099,CUSTOMER-0099,2025-02-04T07:09:00+00:00,0,Organic search,0,0.0,Existing customers
JOURNEY-0099,CUSTOMER-0099,2025-02-04T14:43:00+00:00,1,Content article,0,0.0,Existing customers
JOURNEY-0099,CUSTOMER-0099,2025-02-04T17:05:00+00:00,2,Product page,0,0.0,Existing customers
JOURNEY-0099,CUSTOMER-0099,2025-02-05T02:57:00+00:00,3,Pricing page,0,0.0,Existing customers
JOURNEY-0100,CUSTOMER-0100,2025-06-23T04:31:00+00:00,0,Content article,0,0.0,New prospects
JOURNEY-0100,CUSTOMER-0100,2025-06-23T23:48:00+00:00,1,Webinar,0,0.0,New prospects
JOURNEY-0101,CUSTOMER-0101,2025-03-31T16:45:00+00:00,0,Product page,0,0.0,Returning evaluators
JOURNEY-0102,CUSTOMER-0102,2025-02-14T11:42:00+00:00,0,Product page,0,0.0,Existing customers
JOURNEY-0102,CUSTOMER-0102,2025-02-15T09:55:00+00:00,1,Comparison tool,0,0.0,Existing customers
JOURNEY-0102,CUSTOMER-0102,2025-02-15T17:51:00+00:00,2,Sales chat,0,0.0,Existing customers
JOURNEY-0102,CUSTOMER-0102,2025-02-16T08:18:00+00:00,3,Pricing page,0,0.0,Existing customers
JOURNEY-0102,CUSTOMER-0102,2025-02-16T18:48:00+00:00,4,Checkout,0,0.0,Existing customers
JOURNEY-0103,CUSTOMER-0103,2025-08-13T00:49:00+00:00,0,Content article,0,0.0,New prospects
JOURNEY-0103,CUSTOMER-0103,2025-08-13T15:18:00+00:00,1,Product page,0,0.0,New prospects
JOURNEY-0103,CUSTOMER-0103,2025-08-14T01:58:00+00:00,2,Content article,0,0.0,New prospects
JOURNEY-0103,CUSTOMER-0103,2025-08-14T09:18:00+00:00,3,Email,0,0.0,New prospects
JOURNEY-0104,CUSTOMER-0104,2025-03-24T00:43:00+00:00,0,Organic search,0,0.0,Returning evaluators
JOURNEY-0104,CUSTOMER-0104,2025-03-24T09:56:00+00:00,1,Pricing page,0,0.0,Returning evaluators
JOURNEY-0105,CUSTOMER-0105,2025-03-02T17:23:00+00:00,0,Email,1,193.75,Existing customers
JOURNEY-0105,CUSTOMER-0105,2025-03-02T17:37:00+00:00,1,Email,1,193.75,Existing customers
JOURNEY-0105,CUSTOMER-0105,2025-03-03T01:09:00+00:00,2,Content article,1,193.75,Existing customers
JOURNEY-0105,CUSTOMER-0105,2025-03-03T03:24:00+00:00,3,Comparison tool,1,193.75,Existing customers
JOURNEY-0105,CUSTOMER-0105,2025-03-04T08:26:00+00:00,4,Sales chat,1,193.75,Existing customers
JOURNEY-0105,CUSTOMER-0105,2025-03-04T17:06:00+00:00,5,Pricing page,1,193.75,Existing customers
JOURNEY-0105,CUSTOMER-0105,2025-03-05T22:20:00+00:00,6,Checkout,1,193.75,Existing customers
JOURNEY-0106,CUSTOMER-0106,2025-01-29T16:19:00+00:00,0,Organic search,0,0.0,New prospects
JOURNEY-0106,CUSTOMER-0106,2025-01-30T03:01:00+00:00,1,Content article,0,0.0,New prospects
JOURNEY-0107,CUSTOMER-0107,2025-06-24T19:08:00+00:00,0,Organic search,1,257.28,Returning evaluators
JOURNEY-0107,CUSTOMER-0107,2025-06-25T18:19:00+00:00,1,Comparison tool,1,257.28,Returning evaluators
JOURNEY-0107,CUSTOMER-0107,2025-06-25T18:27:00+00:00,2,Comparison tool,1,257.28,Returning evaluators
JOURNEY-0107,CUSTOMER-0107,2025-06-26T01:01:00+00:00,3,Pricing page,1,257.28,Returning evaluators
JOURNEY-0107,CUSTOMER-0107,2025-06-26T10:42:00+00:00,4,Checkout,1,257.28,Returning evaluators
JOURNEY-0108,CUSTOMER-0108,2025-02-27T11:37:00+00:00,0,Webinar,1,151.02,Existing customers
JOURNEY-0108,CUSTOMER-0108,2025-02-27T14:58:00+00:00,1,Sales chat,1,151.02,Existing customers
JOURNEY-0108,CUSTOMER-0108,2025-02-28T02:12:00+00:00,2,Checkout,1,151.02,Existing customers
JOURNEY-0109,CUSTOMER-0109,2025-03-21T02:02:00+00:00,0,Paid social,0,0.0,New prospects
JOURNEY-0109,CUSTOMER-0109,2025-03-21T11:54:00+00:00,1,Email,0,0.0,New prospects
JOURNEY-0110,CUSTOMER-0110,2025-01-30T21:25:00+00:00,0,Email,0,0.0,Returning evaluators
JOURNEY-0110,CUSTOMER-0110,2025-01-30T21:36:00+00:00,1,Email,0,0.0,Returning evaluators
JOURNEY-0110,CUSTOMER-0110,2025-01-30T23:58:00+00:00,2,Product page,0,0.0,Returning evaluators
JOURNEY-0110,CUSTOMER-0110,2025-01-31T23:01:00+00:00,3,Content article,0,0.0,Returning evaluators
JOURNEY-0110,CUSTOMER-0110,2025-02-01T07:55:00+00:00,4,Product page,0,0.0,Returning evaluators
JOURNEY-0110,CUSTOMER-0110,2025-02-01T13:13:00+00:00,5,Checkout,0,0.0,Returning evaluators
JOURNEY-0110,CUSTOMER-0110,2025-02-01T13:21:00+00:00,6,Checkout,0,0.0,Returning evaluators
JOURNEY-0111,CUSTOMER-0111,2025-09-08T07:00:00+00:00,0,Email,0,0.0,Existing customers
JOURNEY-0111,CUSTOMER-0111,2025-09-09T05:47:00+00:00,1,Content article,0,0.0,Existing customers
JOURNEY-0111,CUSTOMER-0111,2025-09-09T18:10:00+00:00,2,Webinar,0,0.0,Existing customers
JOURNEY-0112,CUSTOMER-0112,2025-05-14T07:26:00+00:00,0,Paid social,1,301.0,New prospects
JOURNEY-0112,CUSTOMER-0112,2025-05-14T07:46:00+00:00,1,Paid social,1,301.0,New prospects
JOURNEY-0112,CUSTOMER-0112,2025-05-14T11:51:00+00:00,2,Content article,1,301.0,New prospects
JOURNEY-0112,CUSTOMER-0112,2025-05-15T03:15:00+00:00,3,Organic search,1,301.0,New prospects
JOURNEY-0112,CUSTOMER-0112,2025-05-15T07:09:00+00:00,4,Content article,1,301.0,New prospects
JOURNEY-0112,CUSTOMER-0112,2025-05-15T16:51:00+00:00,5,Comparison tool,1,301.0,New prospects
JOURNEY-0112,CUSTOMER-0112,2025-05-15T18:35:00+00:00,6,Product page,1,301.0,New prospects
JOURNEY-0112,CUSTOMER-0112,2025-05-16T05:27:00+00:00,7,Checkout,1,301.0,New prospects
JOURNEY-0113,CUSTOMER-0113,2025-06-26T05:43:00+00:00,0,Email,0,0.0,Returning evaluators
JOURNEY-0114,CUSTOMER-0114,2025-02-17T20:34:00+00:00,0,Webinar,0,0.0,Existing customers
JOURNEY-0114,CUSTOMER-0114,2025-02-18T06:52:00+00:00,1,Sales chat,0,0.0,Existing customers
JOURNEY-0114,CUSTOMER-0114,2025-02-18T15:58:00+00:00,2,Checkout,0,0.0,Existing customers
JOURNEY-0114,CUSTOMER-0114,2025-02-19T06:00:00+00:00,3,Pricing page,0,0.0,Existing customers
JOURNEY-0114,CUSTOMER-0114,2025-02-19T07:23:00+00:00,4,Checkout,0,0.0,Existing customers
JOURNEY-0114,CUSTOMER-0114,2025-02-19T10:59:00+00:00,5,Pricing page,0,0.0,Existing customers
JOURNEY-0114,CUSTOMER-0114,2025-02-19T20:19:00+00:00,6,Sales chat,0,0.0,Existing customers
JOURNEY-0114,CUSTOMER-0114,2025-02-19T20:24:00+00:00,7,Sales chat,0,0.0,Existing customers
JOURNEY-0114,CUSTOMER-0114,2025-02-19T21:40:00+00:00,8,Pricing page,0,0.0,Existing customers
JOURNEY-0115,CUSTOMER-0115,2025-08-11T23:53:00+00:00,0,Paid social,0,0.0,New prospects
JOURNEY-0116,CUSTOMER-0116,2025-10-29T06:49:00+00:00,0,Organic search,0,0.0,Returning evaluators
JOURNEY-0116,CUSTOMER-0116,2025-10-29T11:20:00+00:00,1,Product page,0,0.0,Returning evaluators
JOURNEY-0116,CUSTOMER-0116,2025-10-29T18:05:00+00:00,2,Sales chat,0,0.0,Returning evaluators
JOURNEY-0116,CUSTOMER-0116,2025-10-30T13:23:00+00:00,3,Product page,0,0.0,Returning evaluators
JOURNEY-0116,CUSTOMER-0116,2025-10-30T15:07:00+00:00,4,Comparison tool,0,0.0,Returning evaluators
JOURNEY-0116,CUSTOMER-0116,2025-10-31T05:10:00+00:00,5,Sales chat,0,0.0,Returning evaluators
JOURNEY-0117,CUSTOMER-0117,2025-02-01T01:59:00+00:00,0,Email,1,267.51,Existing customers
JOURNEY-0117,CUSTOMER-0117,2025-02-01T02:11:00+00:00,1,Email,1,267.51,Existing customers
JOURNEY-0117,CUSTOMER-0117,2025-02-02T13:37:00+00:00,2,Product page,1,267.51,Existing customers
JOURNEY-0117,CUSTOMER-0117,2025-02-03T10:51:00+00:00,3,Pricing page,1,267.51,Existing customers
JOURNEY-0118,CUSTOMER-0118,2025-02-21T04:19:00+00:00,0,Email,0,0.0,New prospects
JOURNEY-0119,CUSTOMER-0119,2025-10-15T04:09:00+00:00,0,Product page,1,223.97,Returning evaluators
JOURNEY-0119,CUSTOMER-0119,2025-10-16T02:13:00+00:00,1,Sales chat,1,223.97,Returning evaluators
JOURNEY-0119,CUSTOMER-0119,2025-10-16T05:17:00+00:00,2,Product page,1,223.97,Returning evaluators
JOURNEY-0119,CUSTOMER-0119,2025-10-17T15:58:00+00:00,3,Pricing page,1,223.97,Returning evaluators
JOURNEY-0119,CUSTOMER-0119,2025-10-19T01:50:00+00:00,4,Sales chat,1,223.97,Returning evaluators
JOURNEY-0119,CUSTOMER-0119,2025-10-19T01:53:00+00:00,5,Sales chat,1,223.97,Returning evaluators
JOURNEY-0120,CUSTOMER-0120,2025-02-03T07:20:00+00:00,0,Product page,0,0.0,Existing customers
JOURNEY-0120,CUSTOMER-0120,2025-02-03T12:18:00+00:00,1,Content article,0,0.0,Existing customers
JOURNEY-0120,CUSTOMER-0120,2025-02-04T07:01:00+00:00,2,Webinar,0,0.0,Existing customers
JOURNEY-0121,CUSTOMER-0121,2025-01-03T09:04:00+00:00,0,Organic search,0,0.0,New prospects
JOURNEY-0121,CUSTOMER-0121,2025-01-03T09:27:00+00:00,1,Organic search,0,0.0,New prospects
JOURNEY-0121,CUSTOMER-0121,2025-01-04T00:19:00+00:00,2,Pricing page,0,0.0,New prospects
JOURNEY-0122,CUSTOMER-0122,2025-04-14T01:18:00+00:00,0,Organic search,0,0.0,Returning evaluators
JOURNEY-0122,CUSTOMER-0122,2025-04-14T06:44:00+00:00,1,Comparison tool,0,0.0,Returning evaluators
JOURNEY-0122,CUSTOMER-0122,2025-04-14T19:15:00+00:00,2,Sales chat,0,0.0,Returning evaluators
JOURNEY-0122,CUSTOMER-0122,2025-04-15T01:50:00+00:00,3,Product page,0,0.0,Returning evaluators
JOURNEY-0122,CUSTOMER-0122,2025-04-15T09:05:00+00:00,4,Checkout,0,0.0,Returning evaluators
JOURNEY-0123,CUSTOMER-0123,2025-03-28T02:26:00+00:00,0,Email,1,294.91,Existing customers
JOURNEY-0123,CUSTOMER-0123,2025-03-28T14:49:00+00:00,1,Product page,1,294.91,Existing customers
JOURNEY-0123,CUSTOMER-0123,2025-03-29T17:10:00+00:00,2,Checkout,1,294.91,Existing customers
JOURNEY-0124,CUSTOMER-0124,2025-04-06T21:13:00+00:00,0,Organic search,0,0.0,New prospects
JOURNEY-0125,CUSTOMER-0125,2025-09-13T11:03:00+00:00,0,Product page,0,0.0,Returning evaluators
JOURNEY-0125,CUSTOMER-0125,2025-09-13T17:51:00+00:00,1,Pricing page,0,0.0,Returning evaluators
JOURNEY-0125,CUSTOMER-0125,2025-09-13T18:12:00+00:00,2,Pricing page,0,0.0,Returning evaluators
JOURNEY-0126,CUSTOMER-0126,2025-03-21T02:07:00+00:00,0,Email,0,0.0,Existing customers
JOURNEY-0126,CUSTOMER-0126,2025-03-21T02:19:00+00:00,1,Email,0,0.0,Existing customers
JOURNEY-0126,CUSTOMER-0126,2025-03-21T17:10:00+00:00,2,Product page,0,0.0,Existing customers
JOURNEY-0127,CUSTOMER-0127,2025-03-18T08:15:00+00:00,0,Referral,0,0.0,New prospects
JOURNEY-0127,CUSTOMER-0127,2025-03-18T18:43:00+00:00,1,Pricing page,0,0.0,New prospects
JOURNEY-0127,CUSTOMER-0127,2025-03-19T06:31:00+00:00,2,Checkout,0,0.0,New prospects
JOURNEY-0127,CUSTOMER-0127,2025-03-19T16:23:00+00:00,3,Pricing page,0,0.0,New prospects
JOURNEY-0128,CUSTOMER-0128,2025-06-09T01:03:00+00:00,0,Product page,0,0.0,Returning evaluators
JOURNEY-0128,CUSTOMER-0128,2025-06-09T18:03:00+00:00,1,Pricing page,0,0.0,Returning evaluators
JOURNEY-0128,CUSTOMER-0128,2025-06-10T06:57:00+00:00,2,Comparison tool,0,0.0,Returning evaluators
JOURNEY-0128,CUSTOMER-0128,2025-06-10T15:30:00+00:00,3,Pricing page,0,0.0,Returning evaluators
JOURNEY-0129,CUSTOMER-0129,2025-01-22T12:29:00+00:00,0,Product page,1,336.2,Existing customers
JOURNEY-0129,CUSTOMER-0129,2025-01-23T01:09:00+00:00,1,Sales chat,1,336.2,Existing customers
JOURNEY-0130,CUSTOMER-0130,2025-07-09T12:10:00+00:00,0,Paid social,0,0.0,New prospects
JOURNEY-0130,CUSTOMER-0130,2025-07-09T19:40:00+00:00,1,Content article,0,0.0,New prospects
JOURNEY-0130,CUSTOMER-0130,2025-07-09T22:44:00+00:00,2,Email,0,0.0,New prospects
JOURNEY-0130,CUSTOMER-0130,2025-07-11T01:04:00+00:00,3,Webinar,0,0.0,New prospects
JOURNEY-0130,CUSTOMER-0130,2025-07-12T04:32:00+00:00,4,Pricing page,0,0.0,New prospects
JOURNEY-0130,CUSTOMER-0130,2025-07-12T04:40:00+00:00,5,Pricing page,0,0.0,New prospects
JOURNEY-0131,CUSTOMER-0131,2025-03-19T15:51:00+00:00,0,Referral,0,0.0,Returning evaluators
JOURNEY-0131,CUSTOMER-0131,2025-03-19T15:57:00+00:00,1,Referral,0,0.0,Returning evaluators
JOURNEY-0131,CUSTOMER-0131,2025-03-19T20:55:00+00:00,2,Product page,0,0.0,Returning evaluators
JOURNEY-0131,CUSTOMER-0131,2025-03-20T08:38:00+00:00,3,Pricing page,0,0.0,Returning evaluators
JOURNEY-0131,CUSTOMER-0131,2025-03-21T10:01:00+00:00,4,Checkout,0,0.0,Returning evaluators
JOURNEY-0131,CUSTOMER-0131,2025-03-21T12:19:00+00:00,5,Pricing page,0,0.0,Returning evaluators
JOURNEY-0132,CUSTOMER-0132,2025-04-04T04:03:00+00:00,0,Referral,1,221.36,Existing customers
JOURNEY-0132,CUSTOMER-0132,2025-04-04T04:09:00+00:00,1,Referral,1,221.36,Existing customers
JOURNEY-0132,CUSTOMER-0132,2025-04-04T07:42:00+00:00,2,Product page,1,221.36,Existing customers
JOURNEY-0132,CUSTOMER-0132,2025-04-04T23:10:00+00:00,3,Content article,1,221.36,Existing customers
JOURNEY-0132,CUSTOMER-0132,2025-04-05T13:58:00+00:00,4,Webinar,1,221.36,Existing customers
JOURNEY-0132,CUSTOMER-0132,2025-04-06T00:14:00+00:00,5,Product page,1,221.36,Existing customers
JOURNEY-0132,CUSTOMER-0132,2025-04-06T06:16:00+00:00,6,Sales chat,1,221.36,Existing customers
JOURNEY-0132,CUSTOMER-0132,2025-04-06T12:27:00+00:00,7,Checkout,1,221.36,Existing customers
JOURNEY-0133,CUSTOMER-0133,2025-10-07T16:42:00+00:00,0,Paid social,0,0.0,New prospects
JOURNEY-0133,CUSTOMER-0133,2025-10-08T00:20:00+00:00,1,Content article,0,0.0,New prospects
JOURNEY-0133,CUSTOMER-0133,2025-10-08T10:26:00+00:00,2,Webinar,0,0.0,New prospects
JOURNEY-0134,CUSTOMER-0134,2025-06-24T03:36:00+00:00,0,Product page,0,0.0,Returning evaluators
JOURNEY-0134,CUSTOMER-0134,2025-06-24T18:04:00+00:00,1,Content article,0,0.0,Returning evaluators
JOURNEY-0134,CUSTOMER-0134,2025-06-25T06:29:00+00:00,2,Product page,0,0.0,Returning evaluators
JOURNEY-0135,CUSTOMER-0135,2025-02-16T13:25:00+00:00,0,Product page,0,0.0,Existing customers
JOURNEY-0136,CUSTOMER-0136,2025-07-12T04:17:00+00:00,0,Organic search,0,0.0,New prospects
JOURNEY-0137,CUSTOMER-0137,2025-10-06T01:25:00+00:00,0,Email,0,0.0,Returning evaluators
JOURNEY-0137,CUSTOMER-0137,2025-10-06T06:59:00+00:00,1,Product page,0,0.0,Returning evaluators
JOURNEY-0137,CUSTOMER-0137,2025-10-06T16:11:00+00:00,2,Content article,0,0.0,Returning evaluators
JOURNEY-0137,CUSTOMER-0137,2025-10-07T02:02:00+00:00,3,Webinar,0,0.0,Returning evaluators
JOURNEY-0137,CUSTOMER-0137,2025-10-07T02:17:00+00:00,4,Webinar,0,0.0,Returning evaluators
JOURNEY-0137,CUSTOMER-0137,2025-10-07T10:31:00+00:00,5,Sales chat,0,0.0,Returning evaluators
JOURNEY-0137,CUSTOMER-0137,2025-10-07T21:23:00+00:00,6,Checkout,0,0.0,Returning evaluators
JOURNEY-0138,CUSTOMER-0138,2025-04-27T15:13:00+00:00,0,Email,0,0.0,Existing customers
JOURNEY-0138,CUSTOMER-0138,2025-04-28T15:33:00+00:00,1,Webinar,0,0.0,Existing customers
JOURNEY-0138,CUSTOMER-0138,2025-04-28T18:41:00+00:00,2,Sales chat,0,0.0,Existing customers
JOURNEY-0138,CUSTOMER-0138,2025-04-29T17:01:00+00:00,3,Pricing page,0,0.0,Existing customers
JOURNEY-0138,CUSTOMER-0138,2025-04-30T04:14:00+00:00,4,Checkout,0,0.0,Existing customers
JOURNEY-0139,CUSTOMER-0139,2025-06-27T01:45:00+00:00,0,Paid social,1,178.06,New prospects
JOURNEY-0139,CUSTOMER-0139,2025-06-27T04:41:00+00:00,1,Content article,1,178.06,New prospects
JOURNEY-0139,CUSTOMER-0139,2025-06-27T11:35:00+00:00,2,Comparison tool,1,178.06,New prospects
JOURNEY-0139,CUSTOMER-0139,2025-06-27T21:21:00+00:00,3,Sales chat,1,178.06,New prospects
JOURNEY-0139,CUSTOMER-0139,2025-06-28T11:56:00+00:00,4,Checkout,1,178.06,New prospects
JOURNEY-0140,CUSTOMER-0140,2025-05-07T03:20:00+00:00,0,Email,1,313.13,Returning evaluators
JOURNEY-0140,CUSTOMER-0140,2025-05-07T17:34:00+00:00,1,Pricing page,1,313.13,Returning evaluators
JOURNEY-0140,CUSTOMER-0140,2025-05-07T17:46:00+00:00,2,Pricing page,1,313.13,Returning evaluators
JOURNEY-0140,CUSTOMER-0140,2025-05-07T23:47:00+00:00,3,Checkout,1,313.13,Returning evaluators
JOURNEY-0140,CUSTOMER-0140,2025-05-08T04:02:00+00:00,4,Sales chat,1,313.13,Returning evaluators
JOURNEY-0141,CUSTOMER-0141,2025-01-29T14:12:00+00:00,0,Product page,0,0.0,Existing customers
JOURNEY-0141,CUSTOMER-0141,2025-01-29T22:30:00+00:00,1,Pricing page,0,0.0,Existing customers
JOURNEY-0142,CUSTOMER-0142,2025-07-24T02:19:00+00:00,0,Paid social,0,0.0,New prospects
JOURNEY-0142,CUSTOMER-0142,2025-07-24T08:52:00+00:00,1,Content article,0,0.0,New prospects
JOURNEY-0142,CUSTOMER-0142,2025-07-24T19:12:00+00:00,2,Product page,0,0.0,New prospects
JOURNEY-0142,CUSTOMER-0142,2025-07-24T19:17:00+00:00,3,Product page,0,0.0,New prospects
JOURNEY-0142,CUSTOMER-0142,2025-07-24T23:07:00+00:00,4,Sales chat,0,0.0,New prospects
JOURNEY-0142,CUSTOMER-0142,2025-07-25T02:29:00+00:00,5,Product page,0,0.0,New prospects
JOURNEY-0142,CUSTOMER-0142,2025-07-25T04:14:00+00:00,6,Content article,0,0.0,New prospects
JOURNEY-0142,CUSTOMER-0142,2025-07-25T15:25:00+00:00,7,Email,0,0.0,New prospects
JOURNEY-0142,CUSTOMER-0142,2025-07-25T15:58:00+00:00,8,Pricing page,0,0.0,New prospects
JOURNEY-0142,CUSTOMER-0142,2025-07-26T01:05:00+00:00,9,Checkout,0,0.0,New prospects
JOURNEY-0143,CUSTOMER-0143,2025-01-30T04:44:00+00:00,0,Comparison tool,0,0.0,Returning evaluators
JOURNEY-0143,CUSTOMER-0143,2025-01-30T08:31:00+00:00,1,Sales chat,0,0.0,Returning evaluators
JOURNEY-0144,CUSTOMER-0144,2025-07-22T16:18:00+00:00,0,Referral,0,0.0,Existing customers
JOURNEY-0145,CUSTOMER-0145,2025-03-30T06:02:00+00:00,0,Organic search,0,0.0,New prospects
JOURNEY-0146,CUSTOMER-0146,2025-09-11T09:37:00+00:00,0,Email,1,300.1,Returning evaluators
JOURNEY-0146,CUSTOMER-0146,2025-09-12T01:53:00+00:00,1,Webinar,1,300.1,Returning evaluators
JOURNEY-0147,CUSTOMER-0147,2025-10-01T10:09:00+00:00,0,Email,1,303.1,Existing customers
JOURNEY-0147,CUSTOMER-0147,2025-10-01T22:38:00+00:00,1,Content article,1,303.1,Existing customers
JOURNEY-0147,CUSTOMER-0147,2025-10-02T23:05:00+00:00,2,Product page,1,303.1,Existing customers
JOURNEY-0147,CUSTOMER-0147,2025-10-03T08:36:00+00:00,3,Checkout,1,303.1,Existing customers
JOURNEY-0147,CUSTOMER-0147,2025-10-03T08:59:00+00:00,4,Checkout,1,303.1,Existing customers
JOURNEY-0148,CUSTOMER-0148,2025-09-09T16:39:00+00:00,0,Referral,0,0.0,New prospects
JOURNEY-0149,CUSTOMER-0149,2025-02-01T03:39:00+00:00,0,Referral,1,309.22,Returning evaluators
JOURNEY-0149,CUSTOMER-0149,2025-02-01T07:05:00+00:00,1,Sales chat,1,309.22,Returning evaluators
JOURNEY-0149,CUSTOMER-0149,2025-02-02T06:32:00+00:00,2,Product page,1,309.22,Returning evaluators
JOURNEY-0149,CUSTOMER-0149,2025-02-02T06:40:00+00:00,3,Product page,1,309.22,Returning evaluators
JOURNEY-0149,CUSTOMER-0149,2025-02-02T12:53:00+00:00,4,Pricing page,1,309.22,Returning evaluators
JOURNEY-0149,CUSTOMER-0149,2025-02-03T03:16:00+00:00,5,Checkout,1,309.22,Returning evaluators
JOURNEY-0150,CUSTOMER-0150,2025-08-01T17:06:00+00:00,0,Email,0,0.0,Existing customers
JOURNEY-0150,CUSTOMER-0150,2025-08-01T21:34:00+00:00,1,Webinar,0,0.0,Existing customers
JOURNEY-0150,CUSTOMER-0150,2025-08-02T08:13:00+00:00,2,Pricing page,0,0.0,Existing customers
JOURNEY-0151,CUSTOMER-0151,2025-08-25T03:41:00+00:00,0,Organic search,0,0.0,New prospects
JOURNEY-0152,CUSTOMER-0152,2025-05-12T02:04:00+00:00,0,Product page,1,137.75,Returning evaluators
JOURNEY-0152,CUSTOMER-0152,2025-05-12T04:16:00+00:00,1,Pricing page,1,137.75,Returning evaluators
JOURNEY-0152,CUSTOMER-0152,2025-05-12T05:30:00+00:00,2,Checkout,1,137.75,Returning evaluators
JOURNEY-0153,CUSTOMER-0153,2025-03-24T11:11:00+00:00,0,Email,0,0.0,Existing customers
JOURNEY-0153,CUSTOMER-0153,2025-03-24T11:33:00+00:00,1,Email,0,0.0,Existing customers
JOURNEY-0153,CUSTOMER-0153,2025-03-24T18:53:00+00:00,2,Product page,0,0.0,Existing customers
JOURNEY-0153,CUSTOMER-0153,2025-03-25T02:51:00+00:00,3,Content article,0,0.0,Existing customers
JOURNEY-0154,CUSTOMER-0154,2025-02-06T04:28:00+00:00,0,Content article,0,0.0,New prospects
JOURNEY-0154,CUSTOMER-0154,2025-02-07T13:17:00+00:00,1,Comparison tool,0,0.0,New prospects
JOURNEY-0154,CUSTOMER-0154,2025-02-07T17:47:00+00:00,2,Product page,0,0.0,New prospects
JOURNEY-0154,CUSTOMER-0154,2025-02-07T21:24:00+00:00,3,Pricing page,0,0.0,New prospects
JOURNEY-0154,CUSTOMER-0154,2025-02-08T01:21:00+00:00,4,Comparison tool,0,0.0,New prospects
JOURNEY-0154,CUSTOMER-0154,2025-02-10T22:23:00+00:00,5,Sales chat,0,0.0,New prospects
JOURNEY-0155,CUSTOMER-0155,2025-04-19T13:52:00+00:00,0,Comparison tool,1,420.44,Returning evaluators
JOURNEY-0155,CUSTOMER-0155,2025-04-19T22:46:00+00:00,1,Sales chat,1,420.44,Returning evaluators
JOURNEY-0156,CUSTOMER-0156,2025-07-04T13:07:00+00:00,0,Email,0,0.0,Existing customers
JOURNEY-0156,CUSTOMER-0156,2025-07-05T03:55:00+00:00,1,Product page,0,0.0,Existing customers
JOURNEY-0157,CUSTOMER-0157,2025-09-17T03:47:00+00:00,0,Paid social,0,0.0,New prospects
JOURNEY-0157,CUSTOMER-0157,2025-09-18T16:26:00+00:00,1,Email,0,0.0,New prospects
JOURNEY-0157,CUSTOMER-0157,2025-09-19T00:19:00+00:00,2,Pricing page,0,0.0,New prospects
JOURNEY-0158,CUSTOMER-0158,2025-02-19T14:23:00+00:00,0,Product page,0,0.0,Returning evaluators
JOURNEY-0158,CUSTOMER-0158,2025-02-20T04:46:00+00:00,1,Sales chat,0,0.0,Returning evaluators
JOURNEY-0158,CUSTOMER-0158,2025-02-20T05:06:00+00:00,2,Sales chat,0,0.0,Returning evaluators
JOURNEY-0158,CUSTOMER-0158,2025-02-20T18:28:00+00:00,3,Pricing page,0,0.0,Returning evaluators
JOURNEY-0158,CUSTOMER-0158,2025-02-21T01:17:00+00:00,4,Comparison tool,0,0.0,Returning evaluators
JOURNEY-0158,CUSTOMER-0158,2025-02-21T15:37:00+00:00,5,Product page,0,0.0,Returning evaluators
JOURNEY-0158,CUSTOMER-0158,2025-02-22T11:53:00+00:00,6,Comparison tool,0,0.0,Returning evaluators
JOURNEY-0158,CUSTOMER-0158,2025-02-23T06:56:00+00:00,7,Pricing page,0,0.0,Returning evaluators
JOURNEY-0159,CUSTOMER-0159,2025-05-24T10:22:00+00:00,0,Organic search,0,0.0,Existing customers
JOURNEY-0159,CUSTOMER-0159,2025-05-24T11:49:00+00:00,1,Product page,0,0.0,Existing customers
JOURNEY-0159,CUSTOMER-0159,2025-05-25T18:27:00+00:00,2,Sales chat,0,0.0,Existing customers
JOURNEY-0159,CUSTOMER-0159,2025-05-26T06:44:00+00:00,3,Pricing page,0,0.0,Existing customers
JOURNEY-0160,CUSTOMER-0160,2025-05-15T07:03:00+00:00,0,Organic search,0,0.0,New prospects
JOURNEY-0160,CUSTOMER-0160,2025-05-17T04:49:00+00:00,1,Content article,0,0.0,New prospects
JOURNEY-0160,CUSTOMER-0160,2025-05-17T11:45:00+00:00,2,Product page,0,0.0,New prospects
JOURNEY-0160,CUSTOMER-0160,2025-05-17T20:04:00+00:00,3,Content article,0,0.0,New prospects
JOURNEY-0160,CUSTOMER-0160,2025-05-18T15:06:00+00:00,4,Organic search,0,0.0,New prospects
JOURNEY-0161,CUSTOMER-0161,2025-07-23T02:27:00+00:00,0,Email,0,0.0,Returning evaluators
JOURNEY-0162,CUSTOMER-0162,2025-06-22T15:11:00+00:00,0,Product page,1,162.0,Existing customers
JOURNEY-0162,CUSTOMER-0162,2025-06-22T20:48:00+00:00,1,Checkout,1,162.0,Existing customers
JOURNEY-0162,CUSTOMER-0162,2025-06-22T21:01:00+00:00,2,Checkout,1,162.0,Existing customers
JOURNEY-0163,CUSTOMER-0163,2025-08-22T05:07:00+00:00,0,Paid social,0,0.0,New prospects
JOURNEY-0164,CUSTOMER-0164,2025-03-28T15:13:00+00:00,0,Organic search,0,0.0,Returning evaluators
JOURNEY-0164,CUSTOMER-0164,2025-03-28T22:43:00+00:00,1,Product page,0,0.0,Returning evaluators
JOURNEY-0164,CUSTOMER-0164,2025-03-29T07:01:00+00:00,2,Pricing page,0,0.0,Returning evaluators
JOURNEY-0165,CUSTOMER-0165,2025-06-09T15:37:00+00:00,0,Email,1,209.62,Existing customers
JOURNEY-0165,CUSTOMER-0165,2025-06-09T19:37:00+00:00,1,Product page,1,209.62,Existing customers
JOURNEY-0165,CUSTOMER-0165,2025-06-10T02:02:00+00:00,2,Pricing page,1,209.62,Existing customers
JOURNEY-0165,CUSTOMER-0165,2025-06-10T08:46:00+00:00,3,Checkout,1,209.62,Existing customers
JOURNEY-0165,CUSTOMER-0165,2025-06-10T08:55:00+00:00,4,Checkout,1,209.62,Existing customers
JOURNEY-0166,CUSTOMER-0166,2025-07-29T08:35:00+00:00,0,Content article,1,151.07,New prospects
JOURNEY-0166,CUSTOMER-0166,2025-07-29T12:34:00+00:00,1,Product page,1,151.07,New prospects
JOURNEY-0166,CUSTOMER-0166,2025-07-29T22:50:00+00:00,2,Sales chat,1,151.07,New prospects
JOURNEY-0166,CUSTOMER-0166,2025-07-30T04:58:00+00:00,3,Checkout,1,151.07,New prospects
JOURNEY-0167,CUSTOMER-0167,2025-05-06T18:12:00+00:00,0,Comparison tool,0,0.0,Returning evaluators
JOURNEY-0168,CUSTOMER-0168,2025-02-16T00:47:00+00:00,0,Webinar,1,245.08,Existing customers
JOURNEY-0168,CUSTOMER-0168,2025-02-16T14:37:00+00:00,1,Sales chat,1,245.08,Existing customers
JOURNEY-0169,CUSTOMER-0169,2025-02-25T07:59:00+00:00,0,Paid social,0,0.0,New prospects
JOURNEY-0169,CUSTOMER-0169,2025-02-25T08:21:00+00:00,1,Paid social,0,0.0,New prospects
JOURNEY-0169,CUSTOMER-0169,2025-02-26T03:00:00+00:00,2,Content article,0,0.0,New prospects
JOURNEY-0169,CUSTOMER-0169,2025-02-26T03:21:00+00:00,3,Content article,0,0.0,New prospects
JOURNEY-0170,CUSTOMER-0170,2025-03-12T11:34:00+00:00,0,Organic search,1,276.79,Returning evaluators
JOURNEY-0170,CUSTOMER-0170,2025-03-13T00:11:00+00:00,1,Product page,1,276.79,Returning evaluators
JOURNEY-0170,CUSTOMER-0170,2025-03-13T03:42:00+00:00,2,Comparison tool,1,276.79,Returning evaluators
JOURNEY-0170,CUSTOMER-0170,2025-03-13T03:48:00+00:00,3,Comparison tool,1,276.79,Returning evaluators
JOURNEY-0170,CUSTOMER-0170,2025-03-13T09:32:00+00:00,4,Checkout,1,276.79,Returning evaluators
JOURNEY-0171,CUSTOMER-0171,2025-07-19T14:36:00+00:00,0,Email,0,0.0,Existing customers
JOURNEY-0171,CUSTOMER-0171,2025-07-19T21:51:00+00:00,1,Product page,0,0.0,Existing customers
JOURNEY-0171,CUSTOMER-0171,2025-07-20T02:56:00+00:00,2,Comparison tool,0,0.0,Existing customers
JOURNEY-0171,CUSTOMER-0171,2025-07-20T11:21:00+00:00,3,Pricing page,0,0.0,Existing customers
JOURNEY-0171,CUSTOMER-0171,2025-07-20T11:38:00+00:00,4,Pricing page,0,0.0,Existing customers
JOURNEY-0172,CUSTOMER-0172,2025-09-03T19:07:00+00:00,0,Content article,0,0.0,New prospects
JOURNEY-0172,CUSTOMER-0172,2025-09-04T01:04:00+00:00,1,Webinar,0,0.0,New prospects
JOURNEY-0172,CUSTOMER-0172,2025-09-04T08:39:00+00:00,2,Pricing page,0,0.0,New prospects
JOURNEY-0172,CUSTOMER-0172,2025-09-04T21:06:00+00:00,3,Checkout,0,0.0,New prospects
JOURNEY-0172,CUSTOMER-0172,2025-09-05T12:19:00+00:00,4,Sales chat,0,0.0,New prospects
JOURNEY-0173,CUSTOMER-0173,2025-10-21T09:32:00+00:00,0,Organic search,0,0.0,Returning evaluators
JOURNEY-0173,CUSTOMER-0173,2025-10-21T09:43:00+00:00,1,Organic search,0,0.0,Returning evaluators
JOURNEY-0173,CUSTOMER-0173,2025-10-21T15:46:00+00:00,2,Product page,0,0.0,Returning evaluators
JOURNEY-0174,CUSTOMER-0174,2025-03-02T10:23:00+00:00,0,Product page,1,466.94,Existing customers
JOURNEY-0174,CUSTOMER-0174,2025-03-03T08:44:00+00:00,1,Comparison tool,1,466.94,Existing customers
JOURNEY-0174,CUSTOMER-0174,2025-03-03T09:54:00+00:00,2,Pricing page,1,466.94,Existing customers
JOURNEY-0174,CUSTOMER-0174,2025-03-03T16:24:00+00:00,3,Sales chat,1,466.94,Existing customers
JOURNEY-0174,CUSTOMER-0174,2025-03-04T06:52:00+00:00,4,Checkout,1,466.94,Existing customers
JOURNEY-0175,CUSTOMER-0175,2025-05-16T04:32:00+00:00,0,Paid social,0,0.0,New prospects
JOURNEY-0175,CUSTOMER-0175,2025-05-16T07:39:00+00:00,1,Product page,0,0.0,New prospects
JOURNEY-0175,CUSTOMER-0175,2025-05-16T13:13:00+00:00,2,Checkout,0,0.0,New prospects
JOURNEY-0176,CUSTOMER-0176,2025-04-24T12:22:00+00:00,0,Organic search,0,0.0,Returning evaluators
JOURNEY-0176,CUSTOMER-0176,2025-04-24T18:42:00+00:00,1,Product page,0,0.0,Returning evaluators
JOURNEY-0177,CUSTOMER-0177,2025-09-03T16:02:00+00:00,0,Email,0,0.0,Existing customers
JOURNEY-0177,CUSTOMER-0177,2025-09-03T16:07:00+00:00,1,Email,0,0.0,Existing customers
JOURNEY-0177,CUSTOMER-0177,2025-09-03T19:43:00+00:00,2,Webinar,0,0.0,Existing customers
JOURNEY-0178,CUSTOMER-0178,2025-09-28T04:43:00+00:00,0,Organic search,0,0.0,New prospects
JOURNEY-0178,CUSTOMER-0178,2025-09-28T04:58:00+00:00,1,Organic search,0,0.0,New prospects
JOURNEY-0178,CUSTOMER-0178,2025-09-28T13:50:00+00:00,2,Content article,0,0.0,New prospects
JOURNEY-0178,CUSTOMER-0178,2025-09-28T17:17:00+00:00,3,Product page,0,0.0,New prospects
JOURNEY-0178,CUSTOMER-0178,2025-09-28T22:22:00+00:00,4,Comparison tool,0,0.0,New prospects
JOURNEY-0178,CUSTOMER-0178,2025-09-28T23:00:00+00:00,5,Sales chat,0,0.0,New prospects
JOURNEY-0179,CUSTOMER-0179,2025-03-21T08:51:00+00:00,0,Comparison tool,1,325.65,Returning evaluators
JOURNEY-0179,CUSTOMER-0179,2025-03-21T17:15:00+00:00,1,Product page,1,325.65,Returning evaluators
JOURNEY-0179,CUSTOMER-0179,2025-03-22T16:38:00+00:00,2,Pricing page,1,325.65,Returning evaluators
JOURNEY-0179,CUSTOMER-0179,2025-03-23T01:48:00+00:00,3,Checkout,1,325.65,Returning evaluators
JOURNEY-0180,CUSTOMER-0180,2025-10-09T09:52:00+00:00,0,Product page,1,203.78,Existing customers
JOURNEY-0180,CUSTOMER-0180,2025-10-10T23:47:00+00:00,1,Pricing page,1,203.78,Existing customers
JOURNEY-0180,CUSTOMER-0180,2025-10-12T02:49:00+00:00,2,Checkout,1,203.78,Existing customers
JOURNEY-0181,CUSTOMER-0181,2025-08-08T08:42:00+00:00,0,Paid social,1,423.22,New prospects
JOURNEY-0181,CUSTOMER-0181,2025-08-08T19:22:00+00:00,1,Product page,1,423.22,New prospects
JOURNEY-0181,CUSTOMER-0181,2025-08-08T19:26:00+00:00,2,Product page,1,423.22,New prospects
JOURNEY-0181,CUSTOMER-0181,2025-08-09T05:04:00+00:00,3,Checkout,1,423.22,New prospects
JOURNEY-0182,CUSTOMER-0182,2025-01-29T04:30:00+00:00,0,Referral,0,0.0,Returning evaluators
JOURNEY-0182,CUSTOMER-0182,2025-01-29T07:36:00+00:00,1,Product page,0,0.0,Returning evaluators
JOURNEY-0182,CUSTOMER-0182,2025-01-29T12:55:00+00:00,2,Content article,0,0.0,Returning evaluators
JOURNEY-0182,CUSTOMER-0182,2025-01-29T22:19:00+00:00,3,Product page,0,0.0,Returning evaluators
JOURNEY-0182,CUSTOMER-0182,2025-01-29T23:52:00+00:00,4,Comparison tool,0,0.0,Returning evaluators
JOURNEY-0182,CUSTOMER-0182,2025-01-30T14:58:00+00:00,5,Pricing page,0,0.0,Returning evaluators
JOURNEY-0182,CUSTOMER-0182,2025-01-30T15:03:00+00:00,6,Pricing page,0,0.0,Returning evaluators
JOURNEY-0183,CUSTOMER-0183,2025-07-05T14:17:00+00:00,0,Email,0,0.0,Existing customers
JOURNEY-0184,CUSTOMER-0184,2025-10-09T02:24:00+00:00,0,Content article,0,0.0,New prospects
JOURNEY-0185,CUSTOMER-0185,2025-07-28T18:59:00+00:00,0,Product page,0,0.0,Returning evaluators
JOURNEY-0185,CUSTOMER-0185,2025-07-28T23:42:00+00:00,1,Comparison tool,0,0.0,Returning evaluators
JOURNEY-0186,CUSTOMER-0186,2025-10-12T02:47:00+00:00,0,Webinar,0,0.0,Existing customers
JOURNEY-0186,CUSTOMER-0186,2025-10-12T09:01:00+00:00,1,Sales chat,0,0.0,Existing customers
JOURNEY-0187,CUSTOMER-0187,2025-07-30T08:25:00+00:00,0,Paid social,0,0.0,New prospects
JOURNEY-0188,CUSTOMER-0188,2025-09-13T14:30:00+00:00,0,Email,0,0.0,Returning evaluators
JOURNEY-0188,CUSTOMER-0188,2025-09-13T18:04:00+00:00,1,Webinar,0,0.0,Returning evaluators
JOURNEY-0188,CUSTOMER-0188,2025-09-14T09:33:00+00:00,2,Email,0,0.0,Returning evaluators
JOURNEY-0188,CUSTOMER-0188,2025-09-15T12:56:00+00:00,3,Product page,0,0.0,Returning evaluators
JOURNEY-0189,CUSTOMER-0189,2025-03-20T03:36:00+00:00,0,Referral,1,263.97,Existing customers
JOURNEY-0189,CUSTOMER-0189,2025-03-20T06:20:00+00:00,1,Product page,1,263.97,Existing customers
JOURNEY-0189,CUSTOMER-0189,2025-03-20T06:38:00+00:00,2,Product page,1,263.97,Existing customers
JOURNEY-0189,CUSTOMER-0189,2025-03-20T23:56:00+00:00,3,Checkout,1,263.97,Existing customers
JOURNEY-0190,CUSTOMER-0190,2025-07-10T04:46:00+00:00,0,Organic search,0,0.0,New prospects
JOURNEY-0190,CUSTOMER-0190,2025-07-10T08:51:00+00:00,1,Content article,0,0.0,New prospects
JOURNEY-0191,CUSTOMER-0191,2025-01-18T05:10:00+00:00,0,Product page,0,0.0,Returning evaluators
JOURNEY-0191,CUSTOMER-0191,2025-01-18T21:19:00+00:00,1,Pricing page,0,0.0,Returning evaluators
JOURNEY-0192,CUSTOMER-0192,2025-07-10T06:14:00+00:00,0,Referral,0,0.0,Existing customers
JOURNEY-0192,CUSTOMER-0192,2025-07-10T10:57:00+00:00,1,Product page,0,0.0,Existing customers
JOURNEY-0193,CUSTOMER-0193,2025-09-13T14:10:00+00:00,0,Content article,0,0.0,New prospects
JOURNEY-0194,CUSTOMER-0194,2025-01-06T05:07:00+00:00,0,Organic search,1,228.21,Returning evaluators
JOURNEY-0194,CUSTOMER-0194,2025-01-06T16:50:00+00:00,1,Content article,1,228.21,Returning evaluators
JOURNEY-0194,CUSTOMER-0194,2025-01-07T04:29:00+00:00,2,Comparison tool,1,228.21,Returning evaluators
JOURNEY-0194,CUSTOMER-0194,2025-01-07T12:05:00+00:00,3,Pricing page,1,228.21,Returning evaluators
JOURNEY-0194,CUSTOMER-0194,2025-01-08T06:57:00+00:00,4,Checkout,1,228.21,Returning evaluators
JOURNEY-0195,CUSTOMER-0195,2025-07-13T04:29:00+00:00,0,Product page,1,112.53,Existing customers
JOURNEY-0195,CUSTOMER-0195,2025-07-13T08:08:00+00:00,1,Sales chat,1,112.53,Existing customers
JOURNEY-0195,CUSTOMER-0195,2025-07-13T08:23:00+00:00,2,Sales chat,1,112.53,Existing customers
JOURNEY-0195,CUSTOMER-0195,2025-07-13T18:12:00+00:00,3,Checkout,1,112.53,Existing customers
JOURNEY-0196,CUSTOMER-0196,2025-03-22T03:17:00+00:00,0,Paid social,0,0.0,New prospects
JOURNEY-0197,CUSTOMER-0197,2025-08-04T01:40:00+00:00,0,Product page,0,0.0,Returning evaluators
JOURNEY-0198,CUSTOMER-0198,2025-02-19T22:02:00+00:00,0,Email,0,0.0,Existing customers
JOURNEY-0198,CUSTOMER-0198,2025-02-20T06:56:00+00:00,1,Product page,0,0.0,Existing customers
JOURNEY-0198,CUSTOMER-0198,2025-02-20T12:00:00+00:00,2,Pricing page,0,0.0,Existing customers
JOURNEY-0199,CUSTOMER-0199,2025-10-16T14:43:00+00:00,0,Paid social,1,100.22,New prospects
JOURNEY-0199,CUSTOMER-0199,2025-10-16T23:31:00+00:00,1,Content article,1,100.22,New prospects
JOURNEY-0199,CUSTOMER-0199,2025-10-17T20:18:00+00:00,2,Organic search,1,100.22,New prospects
JOURNEY-0199,CUSTOMER-0199,2025-10-20T02:54:00+00:00,3,Content article,1,100.22,New prospects
JOURNEY-0199,CUSTOMER-0199,2025-10-20T12:10:00+00:00,4,Organic search,1,100.22,New prospects
JOURNEY-0199,CUSTOMER-0199,2025-10-20T18:29:00+00:00,5,Pricing page,1,100.22,New prospects
JOURNEY-0199,CUSTOMER-0199,2025-10-22T05:31:00+00:00,6,Checkout,1,100.22,New prospects
JOURNEY-0199,CUSTOMER-0199,2025-10-22T18:15:00+00:00,7,Pricing page,1,100.22,New prospects
JOURNEY-0200,CUSTOMER-0200,2025-08-03T02:14:00+00:00,0,Comparison tool,0,0.0,Returning evaluators
JOURNEY-0201,CUSTOMER-0201,2025-01-10T04:34:00+00:00,0,Email,0,0.0,Existing customers
JOURNEY-0201,CUSTOMER-0201,2025-01-10T19:50:00+00:00,1,Content article,0,0.0,Existing customers
JOURNEY-0202,CUSTOMER-0202,2025-05-30T01:57:00+00:00,0,Paid social,1,295.0,New prospects
JOURNEY-0202,CUSTOMER-0202,2025-05-30T03:49:00+00:00,1,Content article,1,295.0,New prospects
JOURNEY-0202,CUSTOMER-0202,2025-05-30T08:10:00+00:00,2,Product page,1,295.0,New prospects
JOURNEY-0202,CUSTOMER-0202,2025-05-30T20:33:00+00:00,3,Pricing page,1,295.0,New prospects
JOURNEY-0202,CUSTOMER-0202,2025-05-30T23:05:00+00:00,4,Checkout,1,295.0,New prospects
JOURNEY-0203,CUSTOMER-0203,2025-08-17T06:31:00+00:00,0,Organic search,1,226.12,Returning evaluators
JOURNEY-0203,CUSTOMER-0203,2025-08-17T07:43:00+00:00,1,Product page,1,226.12,Returning evaluators
JOURNEY-0203,CUSTOMER-0203,2025-08-18T10:40:00+00:00,2,Pricing page,1,226.12,Returning evaluators
JOURNEY-0203,CUSTOMER-0203,2025-08-18T21:33:00+00:00,3,Checkout,1,226.12,Returning evaluators
JOURNEY-0203,CUSTOMER-0203,2025-08-19T13:05:00+00:00,4,Sales chat,1,226.12,Returning evaluators
JOURNEY-0203,CUSTOMER-0203,2025-08-21T01:36:00+00:00,5,Checkout,1,226.12,Returning evaluators
JOURNEY-0204,CUSTOMER-0204,2025-07-08T17:13:00+00:00,0,Product page,1,177.57,Existing customers
JOURNEY-0204,CUSTOMER-0204,2025-07-09T11:59:00+00:00,1,Pricing page,1,177.57,Existing customers
JOURNEY-0204,CUSTOMER-0204,2025-07-09T12:23:00+00:00,2,Pricing page,1,177.57,Existing customers
JOURNEY-0205,CUSTOMER-0205,2025-04-01T03:37:00+00:00,0,Paid social,0,0.0,New prospects
JOURNEY-0205,CUSTOMER-0205,2025-04-01T06:38:00+00:00,1,Product page,0,0.0,New prospects
JOURNEY-0205,CUSTOMER-0205,2025-04-01T06:45:00+00:00,2,Product page,0,0.0,New prospects
JOURNEY-0206,CUSTOMER-0206,2025-01-18T04:25:00+00:00,0,Email,0,0.0,Returning evaluators
JOURNEY-0207,CUSTOMER-0207,2025-09-21T04:10:00+00:00,0,Email,1,251.06,Existing customers
JOURNEY-0207,CUSTOMER-0207,2025-09-21T16:36:00+00:00,1,Content article,1,251.06,Existing customers
JOURNEY-0207,CUSTOMER-0207,2025-09-21T16:39:00+00:00,2,Content article,1,251.06,Existing customers
JOURNEY-0207,CUSTOMER-0207,2025-09-21T19:17:00+00:00,3,Product page,1,251.06,Existing customers
JOURNEY-0207,CUSTOMER-0207,2025-09-22T17:27:00+00:00,4,Pricing page,1,251.06,Existing customers
JOURNEY-0207,CUSTOMER-0207,2025-09-23T06:59:00+00:00,5,Sales chat,1,251.06,Existing customers
JOURNEY-0207,CUSTOMER-0207,2025-09-24T02:42:00+00:00,6,Checkout,1,251.06,Existing customers
JOURNEY-0208,CUSTOMER-0208,2025-03-07T09:43:00+00:00,0,Paid social,1,197.85,New prospects
JOURNEY-0208,CUSTOMER-0208,2025-03-07T19:57:00+00:00,1,Product page,1,197.85,New prospects
JOURNEY-0208,CUSTOMER-0208,2025-03-08T05:09:00+00:00,2,Sales chat,1,197.85,New prospects
JOURNEY-0208,CUSTOMER-0208,2025-03-08T05:35:00+00:00,3,Checkout,1,197.85,New prospects
JOURNEY-0209,CUSTOMER-0209,2025-03-03T03:34:00+00:00,0,Organic search,0,0.0,Returning evaluators
JOURNEY-0209,CUSTOMER-0209,2025-03-03T09:35:00+00:00,1,Pricing page,0,0.0,Returning evaluators
JOURNEY-0210,CUSTOMER-0210,2025-03-08T15:44:00+00:00,0,Referral,0,0.0,Existing customers
JOURNEY-0210,CUSTOMER-0210,2025-03-08T18:28:00+00:00,1,Product page,0,0.0,Existing customers
JOURNEY-0210,CUSTOMER-0210,2025-03-09T07:44:00+00:00,2,Pricing page,0,0.0,Existing customers
JOURNEY-0210,CUSTOMER-0210,2025-03-09T08:05:00+00:00,3,Pricing page,0,0.0,Existing customers
JOURNEY-0210,CUSTOMER-0210,2025-03-09T09:41:00+00:00,4,Checkout,0,0.0,Existing customers
JOURNEY-0211,CUSTOMER-0211,2025-04-18T12:18:00+00:00,0,Referral,0,0.0,New prospects
JOURNEY-0211,CUSTOMER-0211,2025-04-18T12:31:00+00:00,1,Referral,0,0.0,New prospects
JOURNEY-0211,CUSTOMER-0211,2025-04-18T18:36:00+00:00,2,Product page,0,0.0,New prospects
JOURNEY-0212,CUSTOMER-0212,2025-06-21T09:08:00+00:00,0,Product page,1,214.5,Returning evaluators
JOURNEY-0212,CUSTOMER-0212,2025-06-21T09:18:00+00:00,1,Product page,1,214.5,Returning evaluators
JOURNEY-0212,CUSTOMER-0212,2025-06-21T20:48:00+00:00,2,Checkout,1,214.5,Returning evaluators
JOURNEY-0213,CUSTOMER-0213,2025-08-04T01:09:00+00:00,0,Email,0,0.0,Existing customers
JOURNEY-0213,CUSTOMER-0213,2025-08-04T01:21:00+00:00,1,Email,0,0.0,Existing customers
JOURNEY-0214,CUSTOMER-0214,2025-08-31T05:34:00+00:00,0,Content article,1,192.42,New prospects
JOURNEY-0214,CUSTOMER-0214,2025-09-01T11:30:00+00:00,1,Email,1,192.42,New prospects
JOURNEY-0214,CUSTOMER-0214,2025-09-01T20:43:00+00:00,2,Content article,1,192.42,New prospects
JOURNEY-0214,CUSTOMER-0214,2025-09-02T13:53:00+00:00,3,Product page,1,192.42,New prospects
JOURNEY-0214,CUSTOMER-0214,2025-09-02T19:50:00+00:00,4,Content article,1,192.42,New prospects
JOURNEY-0214,CUSTOMER-0214,2025-09-03T05:44:00+00:00,5,Comparison tool,1,192.42,New prospects
JOURNEY-0214,CUSTOMER-0214,2025-09-03T19:38:00+00:00,6,Checkout,1,192.42,New prospects
JOURNEY-0215,CUSTOMER-0215,2025-07-03T05:40:00+00:00,0,Product page,0,0.0,Returning evaluators
JOURNEY-0215,CUSTOMER-0215,2025-07-04T19:21:00+00:00,1,Sales chat,0,0.0,Returning evaluators
JOURNEY-0215,CUSTOMER-0215,2025-07-05T13:41:00+00:00,2,Pricing page,0,0.0,Returning evaluators
JOURNEY-0215,CUSTOMER-0215,2025-07-05T14:55:00+00:00,3,Checkout,0,0.0,Returning evaluators
JOURNEY-0216,CUSTOMER-0216,2025-03-12T17:42:00+00:00,0,Organic search,0,0.0,Existing customers
JOURNEY-0216,CUSTOMER-0216,2025-03-13T01:58:00+00:00,1,Content article,0,0.0,Existing customers
JOURNEY-0216,CUSTOMER-0216,2025-03-14T11:18:00+00:00,2,Organic search,0,0.0,Existing customers
JOURNEY-0216,CUSTOMER-0216,2025-03-14T20:11:00+00:00,3,Product page,0,0.0,Existing customers
JOURNEY-0217,CUSTOMER-0217,2025-11-11T17:07:00+00:00,0,Paid social,0,0.0,New prospects
JOURNEY-0217,CUSTOMER-0217,2025-11-12T02:56:00+00:00,1,Content article,0,0.0,New prospects
JOURNEY-0217,CUSTOMER-0217,2025-11-12T11:57:00+00:00,2,Comparison tool,0,0.0,New prospects
JOURNEY-0218,CUSTOMER-0218,2025-02-02T19:06:00+00:00,0,Organic search,0,0.0,Returning evaluators
JOURNEY-0218,CUSTOMER-0218,2025-02-03T07:29:00+00:00,1,Content article,0,0.0,Returning evaluators
JOURNEY-0218,CUSTOMER-0218,2025-02-03T16:17:00+00:00,2,Product page,0,0.0,Returning evaluators
JOURNEY-0218,CUSTOMER-0218,2025-02-04T00:27:00+00:00,3,Pricing page,0,0.0,Returning evaluators
JOURNEY-0218,CUSTOMER-0218,2025-02-04T00:42:00+00:00,4,Pricing page,0,0.0,Returning evaluators
JOURNEY-0218,CUSTOMER-0218,2025-02-04T13:24:00+00:00,5,Comparison tool,0,0.0,Returning evaluators
JOURNEY-0219,CUSTOMER-0219,2025-11-22T06:33:00+00:00,0,Organic search,0,0.0,Existing customers
JOURNEY-0219,CUSTOMER-0219,2025-11-22T13:00:00+00:00,1,Content article,0,0.0,Existing customers
JOURNEY-0219,CUSTOMER-0219,2025-11-22T13:23:00+00:00,2,Content article,0,0.0,Existing customers
JOURNEY-0219,CUSTOMER-0219,2025-11-22T17:47:00+00:00,3,Comparison tool,0,0.0,Existing customers
JOURNEY-0219,CUSTOMER-0219,2025-11-22T17:49:00+00:00,4,Comparison tool,0,0.0,Existing customers
JOURNEY-0219,CUSTOMER-0219,2025-11-23T08:26:00+00:00,5,Product page,0,0.0,Existing customers
JOURNEY-0219,CUSTOMER-0219,2025-11-24T19:43:00+00:00,6,Comparison tool,0,0.0,Existing customers
JOURNEY-0219,CUSTOMER-0219,2025-11-25T12:12:00+00:00,7,Pricing page,0,0.0,Existing customers
JOURNEY-0219,CUSTOMER-0219,2025-11-26T17:40:00+00:00,8,Sales chat,0,0.0,Existing customers
JOURNEY-0219,CUSTOMER-0219,2025-11-27T05:17:00+00:00,9,Pricing page,0,0.0,Existing customers
JOURNEY-0220,CUSTOMER-0220,2025-05-06T20:00:00+00:00,0,Paid social,0,0.0,New prospects
JOURNEY-0220,CUSTOMER-0220,2025-05-07T02:05:00+00:00,1,Content article,0,0.0,New prospects
JOURNEY-0220,CUSTOMER-0220,2025-05-07T07:42:00+00:00,2,Comparison tool,0,0.0,New prospects
JOURNEY-0220,CUSTOMER-0220,2025-05-07T16:34:00+00:00,3,Pricing page,0,0.0,New prospects
JOURNEY-0220,CUSTOMER-0220,2025-05-08T04:25:00+00:00,4,Checkout,0,0.0,New prospects
JOURNEY-0221,CUSTOMER-0221,2025-06-16T11:26:00+00:00,0,Organic search,0,0.0,Returning evaluators
JOURNEY-0221,CUSTOMER-0221,2025-06-16T15:00:00+00:00,1,Content article,0,0.0,Returning evaluators
JOURNEY-0222,CUSTOMER-0222,2025-02-27T11:57:00+00:00,0,Email,0,0.0,Existing customers
JOURNEY-0222,CUSTOMER-0222,2025-02-27T12:07:00+00:00,1,Email,0,0.0,Existing customers
JOURNEY-0222,CUSTOMER-0222,2025-02-28T01:04:00+00:00,2,Content article,0,0.0,Existing customers
JOURNEY-0223,CUSTOMER-0223,2025-09-20T04:07:00+00:00,0,Paid social,0,0.0,New prospects
JOURNEY-0223,CUSTOMER-0223,2025-09-20T20:26:00+00:00,1,Content article,0,0.0,New prospects
JOURNEY-0223,CUSTOMER-0223,2025-09-21T11:15:00+00:00,2,Email,0,0.0,New prospects
JOURNEY-0223,CUSTOMER-0223,2025-09-21T11:29:00+00:00,3,Email,0,0.0,New prospects
JOURNEY-0223,CUSTOMER-0223,2025-09-21T12:13:00+00:00,4,Content article,0,0.0,New prospects
JOURNEY-0223,CUSTOMER-0223,2025-09-22T12:36:00+00:00,5,Organic search,0,0.0,New prospects
JOURNEY-0223,CUSTOMER-0223,2025-09-22T19:01:00+00:00,6,Comparison tool,0,0.0,New prospects
JOURNEY-0223,CUSTOMER-0223,2025-09-22T20:42:00+00:00,7,Pricing page,0,0.0,New prospects
JOURNEY-0223,CUSTOMER-0223,2025-09-23T14:26:00+00:00,8,Sales chat,0,0.0,New prospects
JOURNEY-0223,CUSTOMER-0223,2025-09-23T18:13:00+00:00,9,Pricing page,0,0.0,New prospects
JOURNEY-0224,CUSTOMER-0224,2025-08-22T09:38:00+00:00,0,Organic search,0,0.0,Returning evaluators
JOURNEY-0224,CUSTOMER-0224,2025-08-22T11:03:00+00:00,1,Product page,0,0.0,Returning evaluators
JOURNEY-0224,CUSTOMER-0224,2025-08-25T16:41:00+00:00,2,Pricing page,0,0.0,Returning evaluators
JOURNEY-0224,CUSTOMER-0224,2025-08-25T20:34:00+00:00,3,Comparison tool,0,0.0,Returning evaluators
JOURNEY-0224,CUSTOMER-0224,2025-08-26T03:12:00+00:00,4,Product page,0,0.0,Returning evaluators
JOURNEY-0224,CUSTOMER-0224,2025-08-26T12:11:00+00:00,5,Pricing page,0,0.0,Returning evaluators
JOURNEY-0225,CUSTOMER-0225,2025-07-16T08:48:00+00:00,0,Webinar,1,544.45,Existing customers
JOURNEY-0226,CUSTOMER-0226,2025-08-06T06:55:00+00:00,0,Referral,0,0.0,New prospects
JOURNEY-0226,CUSTOMER-0226,2025-08-07T04:56:00+00:00,1,Product page,0,0.0,New prospects
JOURNEY-0226,CUSTOMER-0226,2025-08-07T22:18:00+00:00,2,Comparison tool,0,0.0,New prospects
JOURNEY-0226,CUSTOMER-0226,2025-08-07T22:20:00+00:00,3,Comparison tool,0,0.0,New prospects
JOURNEY-0226,CUSTOMER-0226,2025-08-08T13:37:00+00:00,4,Pricing page,0,0.0,New prospects
JOURNEY-0227,CUSTOMER-0227,2025-05-23T01:16:00+00:00,0,Email,1,100.85,Returning evaluators
JOURNEY-0227,CUSTOMER-0227,2025-05-23T12:09:00+00:00,1,Product page,1,100.85,Returning evaluators
JOURNEY-0227,CUSTOMER-0227,2025-05-23T12:24:00+00:00,2,Product page,1,100.85,Returning evaluators
JOURNEY-0227,CUSTOMER-0227,2025-05-23T13:23:00+00:00,3,Pricing page,1,100.85,Returning evaluators
JOURNEY-0227,CUSTOMER-0227,2025-05-23T20:22:00+00:00,4,Sales chat,1,100.85,Returning evaluators
JOURNEY-0227,CUSTOMER-0227,2025-05-24T00:48:00+00:00,5,Checkout,1,100.85,Returning evaluators
JOURNEY-0227,CUSTOMER-0227,2025-05-24T02:13:00+00:00,6,Sales chat,1,100.85,Returning evaluators
JOURNEY-0227,CUSTOMER-0227,2025-05-24T05:31:00+00:00,7,Checkout,1,100.85,Returning evaluators
JOURNEY-0227,CUSTOMER-0227,2025-05-24T17:41:00+00:00,8,Sales chat,1,100.85,Returning evaluators
JOURNEY-0227,CUSTOMER-0227,2025-05-25T08:32:00+00:00,9,Product page,1,100.85,Returning evaluators
JOURNEY-0227,CUSTOMER-0227,2025-05-26T01:01:00+00:00,10,Sales chat,1,100.85,Returning evaluators
JOURNEY-0227,CUSTOMER-0227,2025-05-26T12:01:00+00:00,11,Product page,1,100.85,Returning evaluators
JOURNEY-0227,CUSTOMER-0227,2025-05-26T15:36:00+00:00,12,Checkout,1,100.85,Returning evaluators
JOURNEY-0227,CUSTOMER-0227,2025-05-26T15:57:00+00:00,13,Checkout,1,100.85,Returning evaluators
JOURNEY-0228,CUSTOMER-0228,2025-06-04T20:21:00+00:00,0,Product page,1,233.86,Existing customers
JOURNEY-0228,CUSTOMER-0228,2025-06-05T03:26:00+00:00,1,Checkout,1,233.86,Existing customers
JOURNEY-0229,CUSTOMER-0229,2025-06-11T08:12:00+00:00,0,Organic search,0,0.0,New prospects
JOURNEY-0229,CUSTOMER-0229,2025-06-11T08:20:00+00:00,1,Organic search,0,0.0,New prospects
JOURNEY-0229,CUSTOMER-0229,2025-06-12T04:05:00+00:00,2,Product page,0,0.0,New prospects
JOURNEY-0229,CUSTOMER-0229,2025-06-12T13:04:00+00:00,3,Pricing page,0,0.0,New prospects
JOURNEY-0229,CUSTOMER-0229,2025-06-12T23:17:00+00:00,4,Comparison tool,0,0.0,New prospects
JOURNEY-0229,CUSTOMER-0229,2025-06-12T23:25:00+00:00,5,Pricing page,0,0.0,New prospects
JOURNEY-0229,CUSTOMER-0229,2025-06-13T17:51:00+00:00,6,Checkout,0,0.0,New prospects
JOURNEY-0230,CUSTOMER-0230,2025-03-01T18:49:00+00:00,0,Organic search,0,0.0,Returning evaluators
JOURNEY-0230,CUSTOMER-0230,2025-03-02T00:11:00+00:00,1,Content article,0,0.0,Returning evaluators
JOURNEY-0230,CUSTOMER-0230,2025-03-03T08:09:00+00:00,2,Product page,0,0.0,Returning evaluators
JOURNEY-0230,CUSTOMER-0230,2025-03-03T19:24:00+00:00,3,Pricing page,0,0.0,Returning evaluators
JOURNEY-0230,CUSTOMER-0230,2025-03-04T01:02:00+00:00,4,Checkout,0,0.0,Returning evaluators
JOURNEY-0231,CUSTOMER-0231,2025-09-07T07:38:00+00:00,0,Email,1,141.53,Existing customers
JOURNEY-0231,CUSTOMER-0231,2025-09-07T17:26:00+00:00,1,Pricing page,1,141.53,Existing customers
JOURNEY-0231,CUSTOMER-0231,2025-09-08T00:17:00+00:00,2,Checkout,1,141.53,Existing customers
JOURNEY-0232,CUSTOMER-0232,2025-05-07T04:27:00+00:00,0,Paid social,1,262.63,New prospects
JOURNEY-0232,CUSTOMER-0232,2025-05-07T13:12:00+00:00,1,Content article,1,262.63,New prospects
JOURNEY-0232,CUSTOMER-0232,2025-05-07T13:16:00+00:00,2,Content article,1,262.63,New prospects
JOURNEY-0232,CUSTOMER-0232,2025-05-09T06:39:00+00:00,3,Webinar,1,262.63,New prospects
JOURNEY-0232,CUSTOMER-0232,2025-05-09T06:49:00+00:00,4,Webinar,1,262.63,New prospects
JOURNEY-0233,CUSTOMER-0233,2025-01-30T15:33:00+00:00,0,Product page,1,182.78,Returning evaluators
JOURNEY-0233,CUSTOMER-0233,2025-01-31T04:04:00+00:00,1,Comparison tool,1,182.78,Returning evaluators
JOURNEY-0233,CUSTOMER-0233,2025-01-31T12:17:00+00:00,2,Pricing page,1,182.78,Returning evaluators
JOURNEY-0233,CUSTOMER-0233,2025-01-31T19:31:00+00:00,3,Comparison tool,1,182.78,Returning evaluators
JOURNEY-0233,CUSTOMER-0233,2025-02-01T02:39:00+00:00,4,Product page,1,182.78,Returning evaluators
JOURNEY-0233,CUSTOMER-0233,2025-02-01T17:15:00+00:00,5,Checkout,1,182.78,Returning evaluators
JOURNEY-0234,CUSTOMER-0234,2025-08-05T17:50:00+00:00,0,Email,0,0.0,Existing customers
JOURNEY-0234,CUSTOMER-0234,2025-08-05T18:33:00+00:00,1,Pricing page,0,0.0,Existing customers
JOURNEY-0235,CUSTOMER-0235,2025-08-29T19:58:00+00:00,0,Paid social,1,200.5,New prospects
JOURNEY-0235,CUSTOMER-0235,2025-08-30T17:37:00+00:00,1,Product page,1,200.5,New prospects
JOURNEY-0235,CUSTOMER-0235,2025-08-31T01:06:00+00:00,2,Pricing page,1,200.5,New prospects
JOURNEY-0235,CUSTOMER-0235,2025-08-31T12:08:00+00:00,3,Sales chat,1,200.5,New prospects
JOURNEY-0235,CUSTOMER-0235,2025-09-01T02:34:00+00:00,4,Checkout,1,200.5,New prospects
JOURNEY-0236,CUSTOMER-0236,2025-03-24T17:42:00+00:00,0,Referral,0,0.0,Returning evaluators
JOURNEY-0236,CUSTOMER-0236,2025-03-25T19:28:00+00:00,1,Content article,0,0.0,Returning evaluators
JOURNEY-0236,CUSTOMER-0236,2025-03-26T09:58:00+00:00,2,Webinar,0,0.0,Returning evaluators
JOURNEY-0236,CUSTOMER-0236,2025-03-27T11:39:00+00:00,3,Sales chat,0,0.0,Returning evaluators
JOURNEY-0236,CUSTOMER-0236,2025-03-29T02:35:00+00:00,4,Product page,0,0.0,Returning evaluators
JOURNEY-0236,CUSTOMER-0236,2025-03-29T02:50:00+00:00,5,Product page,0,0.0,Returning evaluators
JOURNEY-0236,CUSTOMER-0236,2025-03-29T15:01:00+00:00,6,Pricing page,0,0.0,Returning evaluators
JOURNEY-0236,CUSTOMER-0236,2025-03-30T01:26:00+00:00,7,Sales chat,0,0.0,Returning evaluators
JOURNEY-0236,CUSTOMER-0236,2025-03-30T12:23:00+00:00,8,Pricing page,0,0.0,Returning evaluators
JOURNEY-0237,CUSTOMER-0237,2025-08-05T05:50:00+00:00,0,Product page,1,349.47,Existing customers
JOURNEY-0237,CUSTOMER-0237,2025-08-05T17:57:00+00:00,1,Pricing page,1,349.47,Existing customers
JOURNEY-0237,CUSTOMER-0237,2025-08-07T17:08:00+00:00,2,Checkout,1,349.47,Existing customers
JOURNEY-0238,CUSTOMER-0238,2025-05-16T20:01:00+00:00,0,Paid social,1,218.82,New prospects
JOURNEY-0238,CUSTOMER-0238,2025-05-18T12:13:00+00:00,1,Product page,1,218.82,New prospects
JOURNEY-0238,CUSTOMER-0238,2025-05-18T18:29:00+00:00,2,Checkout,1,218.82,New prospects
JOURNEY-0239,CUSTOMER-0239,2025-10-17T04:49:00+00:00,0,Organic search,1,202.97,Returning evaluators
JOURNEY-0239,CUSTOMER-0239,2025-10-17T05:13:00+00:00,1,Organic search,1,202.97,Returning evaluators
JOURNEY-0239,CUSTOMER-0239,2025-10-17T23:00:00+00:00,2,Comparison tool,1,202.97,Returning evaluators
JOURNEY-0239,CUSTOMER-0239,2025-10-18T08:15:00+00:00,3,Product page,1,202.97,Returning evaluators
JOURNEY-0239,CUSTOMER-0239,2025-10-18T12:29:00+00:00,4,Checkout,1,202.97,Returning evaluators
JOURNEY-0240,CUSTOMER-0240,2025-06-24T00:39:00+00:00,0,Referral,1,137.5,Existing customers
JOURNEY-0240,CUSTOMER-0240,2025-06-24T13:23:00+00:00,1,Pricing page,1,137.5,Existing customers
JOURNEY-0241,CUSTOMER-0241,2025-02-22T05:56:00+00:00,0,Paid social,1,165.06,New prospects
JOURNEY-0241,CUSTOMER-0241,2025-02-22T13:11:00+00:00,1,Email,1,165.06,New prospects
JOURNEY-0241,CUSTOMER-0241,2025-02-22T17:01:00+00:00,2,Webinar,1,165.06,New prospects
JOURNEY-0242,CUSTOMER-0242,2025-11-18T06:32:00+00:00,0,Email,0,0.0,Returning evaluators
JOURNEY-0242,CUSTOMER-0242,2025-11-18T13:53:00+00:00,1,Product page,0,0.0,Returning evaluators
JOURNEY-0242,CUSTOMER-0242,2025-11-18T15:02:00+00:00,2,Sales chat,0,0.0,Returning evaluators
JOURNEY-0242,CUSTOMER-0242,2025-11-20T19:25:00+00:00,3,Pricing page,0,0.0,Returning evaluators
JOURNEY-0243,CUSTOMER-0243,2025-07-13T20:21:00+00:00,0,Referral,0,0.0,Existing customers
JOURNEY-0244,CUSTOMER-0244,2025-03-07T07:45:00+00:00,0,Content article,0,0.0,New prospects
JOURNEY-0244,CUSTOMER-0244,2025-03-07T07:59:00+00:00,1,Content article,0,0.0,New prospects
JOURNEY-0245,CUSTOMER-0245,2025-04-18T04:21:00+00:00,0,Organic search,1,175.35,Returning evaluators
JOURNEY-0245,CUSTOMER-0245,2025-04-18T08:31:00+00:00,1,Product page,1,175.35,Returning evaluators
JOURNEY-0245,CUSTOMER-0245,2025-04-19T03:35:00+00:00,2,Pricing page,1,175.35,Returning evaluators
JOURNEY-0245,CUSTOMER-0245,2025-04-19T03:42:00+00:00,3,Pricing page,1,175.35,Returning evaluators
JOURNEY-0245,CUSTOMER-0245,2025-04-19T13:06:00+00:00,4,Checkout,1,175.35,Returning evaluators
JOURNEY-0246,CUSTOMER-0246,2025-09-17T09:21:00+00:00,0,Webinar,1,119.27,Existing customers
JOURNEY-0246,CUSTOMER-0246,2025-09-18T12:34:00+00:00,1,Sales chat,1,119.27,Existing customers
JOURNEY-0246,CUSTOMER-0246,2025-09-19T01:07:00+00:00,2,Checkout,1,119.27,Existing customers
JOURNEY-0247,CUSTOMER-0247,2025-07-24T14:47:00+00:00,0,Referral,0,0.0,New prospects
JOURNEY-0248,CUSTOMER-0248,2025-04-27T08:23:00+00:00,0,Product page,0,0.0,Returning evaluators
JOURNEY-0249,CUSTOMER-0249,2025-05-17T06:36:00+00:00,0,Email,1,432.53,Existing customers
JOURNEY-0249,CUSTOMER-0249,2025-05-17T14:52:00+00:00,1,Product page,1,432.53,Existing customers
JOURNEY-0249,CUSTOMER-0249,2025-05-19T07:30:00+00:00,2,Pricing page,1,432.53,Existing customers
JOURNEY-0249,CUSTOMER-0249,2025-05-20T14:05:00+00:00,3,Checkout,1,432.53,Existing customers
JOURNEY-0250,CUSTOMER-0250,2025-01-07T13:11:00+00:00,0,Paid social,0,0.0,New prospects
JOURNEY-0250,CUSTOMER-0250,2025-01-09T00:44:00+00:00,1,Content article,0,0.0,New prospects
JOURNEY-0251,CUSTOMER-0251,2025-08-27T06:20:00+00:00,0,Comparison tool,1,164.58,Returning evaluators
JOURNEY-0251,CUSTOMER-0251,2025-08-28T04:19:00+00:00,1,Checkout,1,164.58,Returning evaluators
JOURNEY-0252,CUSTOMER-0252,2025-05-04T13:56:00+00:00,0,Product page,1,217.64,Existing customers
JOURNEY-0252,CUSTOMER-0252,2025-05-05T00:42:00+00:00,1,Comparison tool,1,217.64,Existing customers
JOURNEY-0252,CUSTOMER-0252,2025-05-05T09:09:00+00:00,2,Pricing page,1,217.64,Existing customers
JOURNEY-0252,CUSTOMER-0252,2025-05-05T09:51:00+00:00,3,Checkout,1,217.64,Existing customers
JOURNEY-0253,CUSTOMER-0253,2025-05-18T14:44:00+00:00,0,Referral,0,0.0,New prospects
JOURNEY-0253,CUSTOMER-0253,2025-05-18T19:50:00+00:00,1,Product page,0,0.0,New prospects
JOURNEY-0254,CUSTOMER-0254,2025-02-07T06:08:00+00:00,0,Comparison tool,0,0.0,Returning evaluators
JOURNEY-0254,CUSTOMER-0254,2025-02-08T14:40:00+00:00,1,Product page,0,0.0,Returning evaluators
JOURNEY-0254,CUSTOMER-0254,2025-02-09T03:20:00+00:00,2,Pricing page,0,0.0,Returning evaluators
JOURNEY-0255,CUSTOMER-0255,2025-03-25T16:38:00+00:00,0,Product page,1,372.02,Existing customers
JOURNEY-0255,CUSTOMER-0255,2025-03-26T01:59:00+00:00,1,Pricing page,1,372.02,Existing customers
JOURNEY-0255,CUSTOMER-0255,2025-03-26T20:02:00+00:00,2,Checkout,1,372.02,Existing customers
JOURNEY-0256,CUSTOMER-0256,2025-09-22T12:52:00+00:00,0,Content article,1,348.63,New prospects
JOURNEY-0256,CUSTOMER-0256,2025-09-24T08:40:00+00:00,1,Product page,1,348.63,New prospects
JOURNEY-0256,CUSTOMER-0256,2025-09-24T11:00:00+00:00,2,Comparison tool,1,348.63,New prospects
JOURNEY-0256,CUSTOMER-0256,2025-09-25T09:00:00+00:00,3,Checkout,1,348.63,New prospects
JOURNEY-0257,CUSTOMER-0257,2025-04-08T02:10:00+00:00,0,Organic search,1,151.11,Returning evaluators
JOURNEY-0257,CUSTOMER-0257,2025-04-08T07:14:00+00:00,1,Pricing page,1,151.11,Returning evaluators
JOURNEY-0257,CUSTOMER-0257,2025-04-08T20:09:00+00:00,2,Sales chat,1,151.11,Returning evaluators
JOURNEY-0257,CUSTOMER-0257,2025-04-08T22:23:00+00:00,3,Checkout,1,151.11,Returning evaluators
JOURNEY-0258,CUSTOMER-0258,2025-08-10T04:08:00+00:00,0,Email,0,0.0,Existing customers
JOURNEY-0258,CUSTOMER-0258,2025-08-10T21:26:00+00:00,1,Content article,0,0.0,Existing customers
JOURNEY-0258,CUSTOMER-0258,2025-08-11T01:11:00+00:00,2,Product page,0,0.0,Existing customers
JOURNEY-0259,CUSTOMER-0259,2025-11-27T05:55:00+00:00,0,Paid social,1,215.61,New prospects
JOURNEY-0259,CUSTOMER-0259,2025-11-27T08:02:00+00:00,1,Content article,1,215.61,New prospects
JOURNEY-0259,CUSTOMER-0259,2025-11-27T15:41:00+00:00,2,Product page,1,215.61,New prospects
JOURNEY-0259,CUSTOMER-0259,2025-11-28T16:01:00+00:00,3,Checkout,1,215.61,New prospects
JOURNEY-0260,CUSTOMER-0260,2025-07-17T15:40:00+00:00,0,Organic search,0,0.0,Returning evaluators
JOURNEY-0260,CUSTOMER-0260,2025-07-17T21:31:00+00:00,1,Comparison tool,0,0.0,Returning evaluators
JOURNEY-0260,CUSTOMER-0260,2025-07-18T13:35:00+00:00,2,Sales chat,0,0.0,Returning evaluators
JOURNEY-0260,CUSTOMER-0260,2025-07-18T23:29:00+00:00,3,Pricing page,0,0.0,Returning evaluators
JOURNEY-0261,CUSTOMER-0261,2025-11-08T06:31:00+00:00,0,Referral,0,0.0,Existing customers
JOURNEY-0262,CUSTOMER-0262,2025-05-31T06:10:00+00:00,0,Email,0,0.0,New prospects
JOURNEY-0262,CUSTOMER-0262,2025-05-31T17:13:00+00:00,1,Product page,0,0.0,New prospects
JOURNEY-0262,CUSTOMER-0262,2025-06-01T07:16:00+00:00,2,Pricing page,0,0.0,New prospects
JOURNEY-0262,CUSTOMER-0262,2025-06-01T19:26:00+00:00,3,Checkout,0,0.0,New prospects
JOURNEY-0263,CUSTOMER-0263,2025-04-07T16:35:00+00:00,0,Email,0,0.0,Returning evaluators
JOURNEY-0263,CUSTOMER-0263,2025-04-08T04:13:00+00:00,1,Content article,0,0.0,Returning evaluators
JOURNEY-0263,CUSTOMER-0263,2025-04-08T05:23:00+00:00,2,Email,0,0.0,Returning evaluators
JOURNEY-0264,CUSTOMER-0264,2025-11-02T10:18:00+00:00,0,Product page,1,399.44,Existing customers
JOURNEY-0264,CUSTOMER-0264,2025-11-02T16:18:00+00:00,1,Checkout,1,399.44,Existing customers
JOURNEY-0265,CUSTOMER-0265,2025-10-26T05:32:00+00:00,0,Referral,0,0.0,New prospects
JOURNEY-0265,CUSTOMER-0265,2025-10-26T14:27:00+00:00,1,Product page,0,0.0,New prospects
JOURNEY-0266,CUSTOMER-0266,2025-06-15T14:25:00+00:00,0,Referral,0,0.0,Returning evaluators
JOURNEY-0266,CUSTOMER-0266,2025-06-16T11:30:00+00:00,1,Product page,0,0.0,Returning evaluators
JOURNEY-0267,CUSTOMER-0267,2025-02-10T05:20:00+00:00,0,Referral,0,0.0,Existing customers
JOURNEY-0267,CUSTOMER-0267,2025-02-10T05:38:00+00:00,1,Referral,0,0.0,Existing customers
JOURNEY-0267,CUSTOMER-0267,2025-02-10T15:06:00+00:00,2,Product page,0,0.0,Existing customers
JOURNEY-0268,CUSTOMER-0268,2025-07-11T14:37:00+00:00,0,Email,0,0.0,New prospects
JOURNEY-0268,CUSTOMER-0268,2025-07-11T14:50:00+00:00,1,Email,0,0.0,New prospects
JOURNEY-0269,CUSTOMER-0269,2025-10-06T00:09:00+00:00,0,Email,1,448.52,Returning evaluators
JOURNEY-0269,CUSTOMER-0269,2025-10-06T03:27:00+00:00,1,Product page,1,448.52,Returning evaluators
JOURNEY-0269,CUSTOMER-0269,2025-10-06T13:19:00+00:00,2,Pricing page,1,448.52,Returning evaluators
JOURNEY-0269,CUSTOMER-0269,2025-10-06T18:24:00+00:00,3,Checkout,1,448.52,Returning evaluators
JOURNEY-0270,CUSTOMER-0270,2025-04-04T17:34:00+00:00,0,Referral,0,0.0,Existing customers
JOURNEY-0271,CUSTOMER-0271,2025-02-11T00:50:00+00:00,0,Paid social,0,0.0,New prospects
JOURNEY-0272,CUSTOMER-0272,2025-07-08T04:43:00+00:00,0,Comparison tool,0,0.0,Returning evaluators
JOURNEY-0272,CUSTOMER-0272,2025-07-08T12:15:00+00:00,1,Sales chat,0,0.0,Returning evaluators
JOURNEY-0273,CUSTOMER-0273,2025-07-02T06:13:00+00:00,0,Referral,1,278.53,Existing customers
JOURNEY-0273,CUSTOMER-0273,2025-07-02T16:20:00+00:00,1,Content article,1,278.53,Existing customers
JOURNEY-0273,CUSTOMER-0273,2025-07-02T18:32:00+00:00,2,Product page,1,278.53,Existing customers
JOURNEY-0273,CUSTOMER-0273,2025-07-03T05:57:00+00:00,3,Sales chat,1,278.53,Existing customers
JOURNEY-0273,CUSTOMER-0273,2025-07-03T09:22:00+00:00,4,Checkout,1,278.53,Existing customers
JOURNEY-0273,CUSTOMER-0273,2025-07-03T09:24:00+00:00,5,Checkout,1,278.53,Existing customers
JOURNEY-0274,CUSTOMER-0274,2025-01-27T12:49:00+00:00,0,Organic search,0,0.0,New prospects
JOURNEY-0274,CUSTOMER-0274,2025-01-27T17:07:00+00:00,1,Comparison tool,0,0.0,New prospects
JOURNEY-0274,CUSTOMER-0274,2025-01-28T13:00:00+00:00,2,Pricing page,0,0.0,New prospects
JOURNEY-0275,CUSTOMER-0275,2025-01-27T04:20:00+00:00,0,Comparison tool,0,0.0,Returning evaluators
JOURNEY-0275,CUSTOMER-0275,2025-01-27T11:48:00+00:00,1,Checkout,0,0.0,Returning evaluators
JOURNEY-0276,CUSTOMER-0276,2025-08-04T20:42:00+00:00,0,Email,1,205.19,Existing customers
JOURNEY-0276,CUSTOMER-0276,2025-08-05T02:38:00+00:00,1,Content article,1,205.19,Existing customers
JOURNEY-0276,CUSTOMER-0276,2025-08-05T08:02:00+00:00,2,Product page,1,205.19,Existing customers
JOURNEY-0276,CUSTOMER-0276,2025-08-05T18:30:00+00:00,3,Checkout,1,205.19,Existing customers
JOURNEY-0277,CUSTOMER-0277,2025-05-18T12:29:00+00:00,0,Referral,1,286.13,New prospects
JOURNEY-0277,CUSTOMER-0277,2025-05-18T17:12:00+00:00,1,Product page,1,286.13,New prospects
JOURNEY-0277,CUSTOMER-0277,2025-05-19T01:29:00+00:00,2,Checkout,1,286.13,New prospects
JOURNEY-0278,CUSTOMER-0278,2025-02-05T18:38:00+00:00,0,Comparison tool,1,271.29,Returning evaluators
JOURNEY-0278,CUSTOMER-0278,2025-02-06T07:07:00+00:00,1,Checkout,1,271.29,Returning evaluators
JOURNEY-0279,CUSTOMER-0279,2025-10-09T03:34:00+00:00,0,Email,0,0.0,Existing customers
JOURNEY-0279,CUSTOMER-0279,2025-10-09T11:05:00+00:00,1,Product page,0,0.0,Existing customers
JOURNEY-0279,CUSTOMER-0279,2025-10-09T20:11:00+00:00,2,Pricing page,0,0.0,Existing customers
JOURNEY-0280,CUSTOMER-0280,2025-05-07T17:48:00+00:00,0,Organic search,1,158.53,New prospects
JOURNEY-0280,CUSTOMER-0280,2025-05-08T13:57:00+00:00,1,Product page,1,158.53,New prospects
JOURNEY-0280,CUSTOMER-0280,2025-05-08T16:38:00+00:00,2,Sales chat,1,158.53,New prospects
JOURNEY-0280,CUSTOMER-0280,2025-05-09T02:31:00+00:00,3,Checkout,1,158.53,New prospects
JOURNEY-0281,CUSTOMER-0281,2025-07-27T07:19:00+00:00,0,Email,1,170.31,Returning evaluators
JOURNEY-0281,CUSTOMER-0281,2025-07-27T19:40:00+00:00,1,Content article,1,170.31,Returning evaluators
JOURNEY-0281,CUSTOMER-0281,2025-07-28T08:29:00+00:00,2,Organic search,1,170.31,Returning evaluators
JOURNEY-0281,CUSTOMER-0281,2025-07-28T23:28:00+00:00,3,Product page,1,170.31,Returning evaluators
JOURNEY-0281,CUSTOMER-0281,2025-07-29T02:30:00+00:00,4,Sales chat,1,170.31,Returning evaluators
JOURNEY-0281,CUSTOMER-0281,2025-07-29T10:24:00+00:00,5,Product page,1,170.31,Returning evaluators
JOURNEY-0281,CUSTOMER-0281,2025-07-29T19:59:00+00:00,6,Sales chat,1,170.31,Returning evaluators
JOURNEY-0281,CUSTOMER-0281,2025-07-30T02:13:00+00:00,7,Checkout,1,170.31,Returning evaluators
JOURNEY-0282,CUSTOMER-0282,2025-10-03T22:13:00+00:00,0,Referral,1,344.94,Existing customers
JOURNEY-0282,CUSTOMER-0282,2025-10-04T13:41:00+00:00,1,Pricing page,1,344.94,Existing customers
JOURNEY-0283,CUSTOMER-0283,2025-03-01T05:28:00+00:00,0,Referral,0,0.0,New prospects
JOURNEY-0283,CUSTOMER-0283,2025-03-01T12:26:00+00:00,1,Pricing page,0,0.0,New prospects
JOURNEY-0283,CUSTOMER-0283,2025-03-01T19:57:00+00:00,2,Checkout,0,0.0,New prospects
JOURNEY-0284,CUSTOMER-0284,2025-08-11T12:51:00+00:00,0,Organic search,0,0.0,Returning evaluators
JOURNEY-0284,CUSTOMER-0284,2025-08-11T23:33:00+00:00,1,Content article,0,0.0,Returning evaluators
JOURNEY-0284,CUSTOMER-0284,2025-08-12T10:59:00+00:00,2,Comparison tool,0,0.0,Returning evaluators
JOURNEY-0284,CUSTOMER-0284,2025-08-13T06:31:00+00:00,3,Product page,0,0.0,Returning evaluators
JOURNEY-0284,CUSTOMER-0284,2025-08-13T10:31:00+00:00,4,Pricing page,0,0.0,Returning evaluators
JOURNEY-0284,CUSTOMER-0284,2025-08-13T16:16:00+00:00,5,Comparison tool,0,0.0,Returning evaluators
JOURNEY-0285,CUSTOMER-0285,2025-10-03T00:38:00+00:00,0,Organic search,0,0.0,Existing customers
JOURNEY-0286,CUSTOMER-0286,2025-05-16T21:24:00+00:00,0,Paid social,1,114.78,New prospects
JOURNEY-0286,CUSTOMER-0286,2025-05-17T00:04:00+00:00,1,Content article,1,114.78,New prospects
JOURNEY-0286,CUSTOMER-0286,2025-05-18T07:28:00+00:00,2,Product page,1,114.78,New prospects
JOURNEY-0286,CUSTOMER-0286,2025-05-18T12:51:00+00:00,3,Checkout,1,114.78,New prospects
JOURNEY-0286,CUSTOMER-0286,2025-05-19T05:52:00+00:00,4,Pricing page,1,114.78,New prospects
JOURNEY-0286,CUSTOMER-0286,2025-05-19T06:07:00+00:00,5,Pricing page,1,114.78,New prospects
JOURNEY-0286,CUSTOMER-0286,2025-05-20T03:18:00+00:00,6,Checkout,1,114.78,New prospects
JOURNEY-0286,CUSTOMER-0286,2025-05-20T03:39:00+00:00,7,Checkout,1,114.78,New prospects
JOURNEY-0286,CUSTOMER-0286,2025-05-20T20:13:00+00:00,8,Pricing page,1,114.78,New prospects
JOURNEY-0286,CUSTOMER-0286,2025-05-20T20:16:00+00:00,9,Pricing page,1,114.78,New prospects
JOURNEY-0287,CUSTOMER-0287,2025-05-05T11:05:00+00:00,0,Organic search,0,0.0,Returning evaluators
JOURNEY-0287,CUSTOMER-0287,2025-05-05T19:28:00+00:00,1,Pricing page,0,0.0,Returning evaluators
JOURNEY-0288,CUSTOMER-0288,2025-08-22T02:11:00+00:00,0,Organic search,0,0.0,Existing customers
JOURNEY-0288,CUSTOMER-0288,2025-08-22T05:08:00+00:00,1,Content article,0,0.0,Existing customers
JOURNEY-0289,CUSTOMER-0289,2025-04-20T00:23:00+00:00,0,Organic search,1,247.61,New prospects
JOURNEY-0289,CUSTOMER-0289,2025-04-20T04:26:00+00:00,1,Product page,1,247.61,New prospects
JOURNEY-0289,CUSTOMER-0289,2025-04-20T09:05:00+00:00,2,Pricing page,1,247.61,New prospects
JOURNEY-0289,CUSTOMER-0289,2025-04-20T16:38:00+00:00,3,Sales chat,1,247.61,New prospects
JOURNEY-0290,CUSTOMER-0290,2025-06-24T03:12:00+00:00,0,Email,1,139.61,Returning evaluators
JOURNEY-0290,CUSTOMER-0290,2025-06-24T18:28:00+00:00,1,Content article,1,139.61,Returning evaluators
JOURNEY-0290,CUSTOMER-0290,2025-06-25T02:51:00+00:00,2,Product page,1,139.61,Returning evaluators
JOURNEY-0290,CUSTOMER-0290,2025-06-25T08:22:00+00:00,3,Comparison tool,1,139.61,Returning evaluators
JOURNEY-0290,CUSTOMER-0290,2025-06-25T13:03:00+00:00,4,Product page,1,139.61,Returning evaluators
JOURNEY-0290,CUSTOMER-0290,2025-06-25T14:30:00+00:00,5,Pricing page,1,139.61,Returning evaluators
JOURNEY-0290,CUSTOMER-0290,2025-06-25T23:33:00+00:00,6,Checkout,1,139.61,Returning evaluators
JOURNEY-0291,CUSTOMER-0291,2025-09-02T03:58:00+00:00,0,Referral,1,276.66,Existing customers
JOURNEY-0291,CUSTOMER-0291,2025-09-02T10:59:00+00:00,1,Sales chat,1,276.66,Existing customers
JOURNEY-0291,CUSTOMER-0291,2025-09-03T05:01:00+00:00,2,Checkout,1,276.66,Existing customers
JOURNEY-0292,CUSTOMER-0292,2025-08-14T04:57:00+00:00,0,Organic search,0,0.0,New prospects
JOURNEY-0292,CUSTOMER-0292,2025-08-14T05:21:00+00:00,1,Organic search,0,0.0,New prospects
JOURNEY-0292,CUSTOMER-0292,2025-08-14T13:11:00+00:00,2,Pricing page,0,0.0,New prospects
JOURNEY-0293,CUSTOMER-0293,2025-08-03T07:24:00+00:00,0,Product page,0,0.0,Returning evaluators
JOURNEY-0293,CUSTOMER-0293,2025-08-03T17:42:00+00:00,1,Content article,0,0.0,Returning evaluators
JOURNEY-0293,CUSTOMER-0293,2025-08-03T21:09:00+00:00,2,Comparison tool,0,0.0,Returning evaluators
JOURNEY-0293,CUSTOMER-0293,2025-08-04T01:04:00+00:00,3,Pricing page,0,0.0,Returning evaluators
JOURNEY-0294,CUSTOMER-0294,2025-06-21T07:04:00+00:00,0,Email,1,180.49,Existing customers
JOURNEY-0294,CUSTOMER-0294,2025-06-21T18:15:00+00:00,1,Content article,1,180.49,Existing customers
JOURNEY-0294,CUSTOMER-0294,2025-06-22T08:09:00+00:00,2,Product page,1,180.49,Existing customers
JOURNEY-0294,CUSTOMER-0294,2025-06-23T08:14:00+00:00,3,Pricing page,1,180.49,Existing customers
JOURNEY-0294,CUSTOMER-0294,2025-06-23T17:36:00+00:00,4,Checkout,1,180.49,Existing customers
JOURNEY-0295,CUSTOMER-0295,2025-08-11T11:37:00+00:00,0,Organic search,1,191.21,New prospects
JOURNEY-0295,CUSTOMER-0295,2025-08-12T14:15:00+00:00,1,Product page,1,191.21,New prospects
JOURNEY-0295,CUSTOMER-0295,2025-08-13T06:57:00+00:00,2,Checkout,1,191.21,New prospects
JOURNEY-0296,CUSTOMER-0296,2025-02-14T14:42:00+00:00,0,Organic search,0,0.0,Returning evaluators
JOURNEY-0296,CUSTOMER-0296,2025-02-15T10:43:00+00:00,1,Comparison tool,0,0.0,Returning evaluators
JOURNEY-0296,CUSTOMER-0296,2025-02-15T19:58:00+00:00,2,Product page,0,0.0,Returning evaluators
JOURNEY-0296,CUSTOMER-0296,2025-02-17T09:56:00+00:00,3,Pricing page,0,0.0,Returning evaluators
JOURNEY-0297,CUSTOMER-0297,2025-06-16T16:15:00+00:00,0,Referral,0,0.0,Existing customers
JOURNEY-0297,CUSTOMER-0297,2025-06-18T05:13:00+00:00,1,Sales chat,0,0.0,Existing customers
JOURNEY-0298,CUSTOMER-0298,2025-04-21T18:15:00+00:00,0,Content article,1,127.1,New prospects
JOURNEY-0298,CUSTOMER-0298,2025-04-21T20:27:00+00:00,1,Email,1,127.1,New prospects
JOURNEY-0298,CUSTOMER-0298,2025-04-22T04:32:00+00:00,2,Pricing page,1,127.1,New prospects
JOURNEY-0298,CUSTOMER-0298,2025-04-22T12:38:00+00:00,3,Checkout,1,127.1,New prospects
JOURNEY-0299,CUSTOMER-0299,2025-10-18T05:37:00+00:00,0,Referral,1,255.18,Returning evaluators
JOURNEY-0299,CUSTOMER-0299,2025-10-18T10:34:00+00:00,1,Product page,1,255.18,Returning evaluators
JOURNEY-0299,CUSTOMER-0299,2025-10-18T12:08:00+00:00,2,Comparison tool,1,255.18,Returning evaluators
JOURNEY-0299,CUSTOMER-0299,2025-10-18T15:55:00+00:00,3,Pricing page,1,255.18,Returning evaluators
JOURNEY-0299,CUSTOMER-0299,2025-10-18T21:32:00+00:00,4,Checkout,1,255.18,Returning evaluators
JOURNEY-0299,CUSTOMER-0299,2025-10-19T11:41:00+00:00,5,Pricing page,1,255.18,Returning evaluators
JOURNEY-0299,CUSTOMER-0299,2025-10-19T15:04:00+00:00,6,Sales chat,1,255.18,Returning evaluators
JOURNEY-0299,CUSTOMER-0299,2025-10-20T00:33:00+00:00,7,Checkout,1,255.18,Returning evaluators
JOURNEY-0300,CUSTOMER-0300,2025-05-23T01:51:00+00:00,0,Email,1,189.01,Existing customers
JOURNEY-0300,CUSTOMER-0300,2025-05-23T10:32:00+00:00,1,Product page,1,189.01,Existing customers
JOURNEY-0300,CUSTOMER-0300,2025-05-24T00:04:00+00:00,2,Pricing page,1,189.01,Existing customers
JOURNEY-0300,CUSTOMER-0300,2025-05-24T00:29:00+00:00,3,Sales chat,1,189.01,Existing customers
JOURNEY-0301,CUSTOMER-0301,2025-10-16T12:28:00+00:00,0,Paid social,0,0.0,New prospects
JOURNEY-0302,CUSTOMER-0302,2025-04-26T15:15:00+00:00,0,Organic search,1,190.3,Returning evaluators
JOURNEY-0302,CUSTOMER-0302,2025-04-27T05:25:00+00:00,1,Comparison tool,1,190.3,Returning evaluators
JOURNEY-0302,CUSTOMER-0302,2025-04-27T13:31:00+00:00,2,Checkout,1,190.3,Returning evaluators
JOURNEY-0303,CUSTOMER-0303,2025-01-26T07:52:00+00:00,0,Product page,1,243.24,Existing customers
JOURNEY-0303,CUSTOMER-0303,2025-01-26T16:46:00+00:00,1,Pricing page,1,243.24,Existing customers
JOURNEY-0303,CUSTOMER-0303,2025-01-27T11:53:00+00:00,2,Comparison tool,1,243.24,Existing customers
JOURNEY-0303,CUSTOMER-0303,2025-01-27T22:36:00+00:00,3,Pricing page,1,243.24,Existing customers
JOURNEY-0303,CUSTOMER-0303,2025-01-28T10:15:00+00:00,4,Checkout,1,243.24,Existing customers
JOURNEY-0303,CUSTOMER-0303,2025-01-28T22:07:00+00:00,5,Pricing page,1,243.24,Existing customers
JOURNEY-0304,CUSTOMER-0304,2025-04-10T07:51:00+00:00,0,Paid social,0,0.0,New prospects
JOURNEY-0305,CUSTOMER-0305,2025-03-08T13:57:00+00:00,0,Email,0,0.0,Returning evaluators
JOURNEY-0305,CUSTOMER-0305,2025-03-09T10:22:00+00:00,1,Pricing page,0,0.0,Returning evaluators
JOURNEY-0305,CUSTOMER-0305,2025-03-09T18:49:00+00:00,2,Sales chat,0,0.0,Returning evaluators
JOURNEY-0305,CUSTOMER-0305,2025-03-10T12:05:00+00:00,3,Pricing page,0,0.0,Returning evaluators
JOURNEY-0305,CUSTOMER-0305,2025-03-10T15:14:00+00:00,4,Checkout,0,0.0,Returning evaluators
JOURNEY-0305,CUSTOMER-0305,2025-03-10T15:49:00+00:00,5,Sales chat,0,0.0,Returning evaluators
JOURNEY-0305,CUSTOMER-0305,2025-03-11T04:26:00+00:00,6,Checkout,0,0.0,Returning evaluators
JOURNEY-0306,CUSTOMER-0306,2025-07-15T18:50:00+00:00,0,Organic search,1,300.8,Existing customers
JOURNEY-0306,CUSTOMER-0306,2025-07-15T20:55:00+00:00,1,Content article,1,300.8,Existing customers
JOURNEY-0306,CUSTOMER-0306,2025-07-16T00:39:00+00:00,2,Email,1,300.8,Existing customers
JOURNEY-0306,CUSTOMER-0306,2025-07-16T18:53:00+00:00,3,Product page,1,300.8,Existing customers
JOURNEY-0306,CUSTOMER-0306,2025-07-17T00:15:00+00:00,4,Checkout,1,300.8,Existing customers
JOURNEY-0307,CUSTOMER-0307,2025-09-12T22:27:00+00:00,0,Referral,0,0.0,New prospects
JOURNEY-0307,CUSTOMER-0307,2025-09-12T22:50:00+00:00,1,Referral,0,0.0,New prospects
JOURNEY-0308,CUSTOMER-0308,2025-06-25T16:20:00+00:00,0,Comparison tool,0,0.0,Returning evaluators
JOURNEY-0308,CUSTOMER-0308,2025-06-26T23:36:00+00:00,1,Product page,0,0.0,Returning evaluators
JOURNEY-0308,CUSTOMER-0308,2025-06-26T23:39:00+00:00,2,Product page,0,0.0,Returning evaluators
JOURNEY-0308,CUSTOMER-0308,2025-06-27T00:14:00+00:00,3,Checkout,0,0.0,Returning evaluators
JOURNEY-0309,CUSTOMER-0309,2025-02-06T14:45:00+00:00,0,Product page,0,0.0,Existing customers
JOURNEY-0309,CUSTOMER-0309,2025-02-06T16:16:00+00:00,1,Sales chat,0,0.0,Existing customers
JOURNEY-0310,CUSTOMER-0310,2025-02-12T14:10:00+00:00,0,Paid social,0,0.0,New prospects
JOURNEY-0310,CUSTOMER-0310,2025-02-12T22:12:00+00:00,1,Product page,0,0.0,New prospects
JOURNEY-0310,CUSTOMER-0310,2025-02-12T22:17:00+00:00,2,Product page,0,0.0,New prospects
JOURNEY-0310,CUSTOMER-0310,2025-02-12T23:31:00+00:00,3,Content article,0,0.0,New prospects
JOURNEY-0310,CUSTOMER-0310,2025-02-13T02:20:00+00:00,4,Comparison tool,0,0.0,New prospects
JOURNEY-0311,CUSTOMER-0311,2025-07-17T07:01:00+00:00,0,Product page,0,0.0,Returning evaluators
JOURNEY-0311,CUSTOMER-0311,2025-07-17T22:51:00+00:00,1,Pricing page,0,0.0,Returning evaluators
JOURNEY-0311,CUSTOMER-0311,2025-07-19T04:43:00+00:00,2,Checkout,0,0.0,Returning evaluators
JOURNEY-0312,CUSTOMER-0312,2025-07-01T18:53:00+00:00,0,Referral,0,0.0,Existing customers
JOURNEY-0312,CUSTOMER-0312,2025-07-02T04:02:00+00:00,1,Pricing page,0,0.0,Existing customers
JOURNEY-0313,CUSTOMER-0313,2025-03-26T10:19:00+00:00,0,Organic search,0,0.0,New prospects
JOURNEY-0313,CUSTOMER-0313,2025-03-26T20:05:00+00:00,1,Product page,0,0.0,New prospects
JOURNEY-0313,CUSTOMER-0313,2025-03-27T12:50:00+00:00,2,Pricing page,0,0.0,New prospects
JOURNEY-0313,CUSTOMER-0313,2025-03-28T00:04:00+00:00,3,Checkout,0,0.0,New prospects
JOURNEY-0313,CUSTOMER-0313,2025-03-28T23:52:00+00:00,4,Pricing page,0,0.0,New prospects
JOURNEY-0314,CUSTOMER-0314,2025-07-14T08:33:00+00:00,0,Comparison tool,1,404.92,Returning evaluators
JOURNEY-0314,CUSTOMER-0314,2025-07-15T14:21:00+00:00,1,Pricing page,1,404.92,Returning evaluators
JOURNEY-0314,CUSTOMER-0314,2025-07-15T15:35:00+00:00,2,Checkout,1,404.92,Returning evaluators
JOURNEY-0315,CUSTOMER-0315,2025-05-30T23:34:00+00:00,0,Product page,0,0.0,Existing customers
JOURNEY-0316,CUSTOMER-0316,2025-02-21T06:37:00+00:00,0,Paid social,1,411.82,New prospects
JOURNEY-0316,CUSTOMER-0316,2025-02-21T20:50:00+00:00,1,Content article,1,411.82,New prospects
JOURNEY-0316,CUSTOMER-0316,2025-02-22T23:44:00+00:00,2,Comparison tool,1,411.82,New prospects
JOURNEY-0316,CUSTOMER-0316,2025-02-24T04:22:00+00:00,3,Pricing page,1,411.82,New prospects
JOURNEY-0316,CUSTOMER-0316,2025-02-24T08:11:00+00:00,4,Comparison tool,1,411.82,New prospects
JOURNEY-0316,CUSTOMER-0316,2025-02-25T19:45:00+00:00,5,Product page,1,411.82,New prospects
JOURNEY-0316,CUSTOMER-0316,2025-02-26T00:48:00+00:00,6,Pricing page,1,411.82,New prospects
JOURNEY-0316,CUSTOMER-0316,2025-02-26T08:39:00+00:00,7,Checkout,1,411.82,New prospects
JOURNEY-0317,CUSTOMER-0317,2025-07-17T02:16:00+00:00,0,Product page,1,376.24,Returning evaluators
JOURNEY-0317,CUSTOMER-0317,2025-07-17T10:22:00+00:00,1,Pricing page,1,376.24,Returning evaluators
JOURNEY-0317,CUSTOMER-0317,2025-07-18T11:05:00+00:00,2,Sales chat,1,376.24,Returning evaluators
JOURNEY-0317,CUSTOMER-0317,2025-07-18T12:51:00+00:00,3,Product page,1,376.24,Returning evaluators
JOURNEY-0317,CUSTOMER-0317,2025-07-18T16:41:00+00:00,4,Comparison tool,1,376.24,Returning evaluators
JOURNEY-0317,CUSTOMER-0317,2025-07-19T23:57:00+00:00,5,Product page,1,376.24,Returning evaluators
JOURNEY-0317,CUSTOMER-0317,2025-07-20T18:00:00+00:00,6,Sales chat,1,376.24,Returning evaluators
JOURNEY-0317,CUSTOMER-0317,2025-07-21T03:41:00+00:00,7,Checkout,1,376.24,Returning evaluators
JOURNEY-0318,CUSTOMER-0318,2025-02-17T23:30:00+00:00,0,Email,0,0.0,Existing customers
JOURNEY-0319,CUSTOMER-0319,2025-06-17T09:36:00+00:00,0,Content article,1,288.62,New prospects
JOURNEY-0319,CUSTOMER-0319,2025-06-18T05:50:00+00:00,1,Comparison tool,1,288.62,New prospects
JOURNEY-0319,CUSTOMER-0319,2025-06-19T06:28:00+00:00,2,Product page,1,288.62,New prospects
JOURNEY-0319,CUSTOMER-0319,2025-06-19T15:13:00+00:00,3,Pricing page,1,288.62,New prospects
JOURNEY-0319,CUSTOMER-0319,2025-06-19T22:18:00+00:00,4,Checkout,1,288.62,New prospects
JOURNEY-0320,CUSTOMER-0320,2025-02-02T01:59:00+00:00,0,Email,1,175.47,Returning evaluators
JOURNEY-0320,CUSTOMER-0320,2025-02-02T07:12:00+00:00,1,Product page,1,175.47,Returning evaluators
JOURNEY-0320,CUSTOMER-0320,2025-02-02T10:15:00+00:00,2,Pricing page,1,175.47,Returning evaluators
JOURNEY-0320,CUSTOMER-0320,2025-02-02T16:20:00+00:00,3,Checkout,1,175.47,Returning evaluators
JOURNEY-0321,CUSTOMER-0321,2025-11-05T07:41:00+00:00,0,Organic search,1,245.85,Existing customers
JOURNEY-0321,CUSTOMER-0321,2025-11-05T08:35:00+00:00,1,Product page,1,245.85,Existing customers
JOURNEY-0321,CUSTOMER-0321,2025-11-05T10:21:00+00:00,2,Comparison tool,1,245.85,Existing customers
JOURNEY-0321,CUSTOMER-0321,2025-11-06T07:57:00+00:00,3,Pricing page,1,245.85,Existing customers
JOURNEY-0321,CUSTOMER-0321,2025-11-06T18:42:00+00:00,4,Sales chat,1,245.85,Existing customers
JOURNEY-0322,CUSTOMER-0322,2025-10-31T19:15:00+00:00,0,Organic search,0,0.0,New prospects
JOURNEY-0322,CUSTOMER-0322,2025-11-01T06:31:00+00:00,1,Product page,0,0.0,New prospects
JOURNEY-0322,CUSTOMER-0322,2025-11-02T04:38:00+00:00,2,Pricing page,0,0.0,New prospects
JOURNEY-0323,CUSTOMER-0323,2025-10-30T00:45:00+00:00,0,Email,1,207.25,Returning evaluators
JOURNEY-0323,CUSTOMER-0323,2025-10-30T03:02:00+00:00,1,Webinar,1,207.25,Returning evaluators
JOURNEY-0323,CUSTOMER-0323,2025-10-30T09:13:00+00:00,2,Sales chat,1,207.25,Returning evaluators
JOURNEY-0323,CUSTOMER-0323,2025-10-31T04:42:00+00:00,3,Checkout,1,207.25,Returning evaluators
JOURNEY-0324,CUSTOMER-0324,2025-07-03T09:49:00+00:00,0,Webinar,0,0.0,Existing customers
JOURNEY-0325,CUSTOMER-0325,2025-09-25T13:39:00+00:00,0,Organic search,0,0.0,New prospects
JOURNEY-0325,CUSTOMER-0325,2025-09-26T17:01:00+00:00,1,Product page,0,0.0,New prospects
JOURNEY-0325,CUSTOMER-0325,2025-09-26T21:38:00+00:00,2,Sales chat,0,0.0,New prospects
JOURNEY-0325,CUSTOMER-0325,2025-09-27T09:20:00+00:00,3,Product page,0,0.0,New prospects
JOURNEY-0326,CUSTOMER-0326,2025-09-21T00:37:00+00:00,0,Email,0,0.0,Returning evaluators
JOURNEY-0326,CUSTOMER-0326,2025-09-21T21:50:00+00:00,1,Pricing page,0,0.0,Returning evaluators
JOURNEY-0327,CUSTOMER-0327,2025-05-30T06:48:00+00:00,0,Email,0,0.0,Existing customers
JOURNEY-0327,CUSTOMER-0327,2025-05-31T11:23:00+00:00,1,Webinar,0,0.0,Existing customers
JOURNEY-0327,CUSTOMER-0327,2025-06-01T12:19:00+00:00,2,Sales chat,0,0.0,Existing customers
JOURNEY-0328,CUSTOMER-0328,2025-10-31T02:24:00+00:00,0,Content article,0,0.0,New prospects
JOURNEY-0328,CUSTOMER-0328,2025-10-31T23:08:00+00:00,1,Comparison tool,0,0.0,New prospects
JOURNEY-0328,CUSTOMER-0328,2025-11-01T05:05:00+00:00,2,Product page,0,0.0,New prospects
JOURNEY-0328,CUSTOMER-0328,2025-11-01T21:36:00+00:00,3,Pricing page,0,0.0,New prospects
JOURNEY-0329,CUSTOMER-0329,2025-10-02T16:41:00+00:00,0,Email,1,124.62,Returning evaluators
JOURNEY-0329,CUSTOMER-0329,2025-10-03T04:17:00+00:00,1,Content article,1,124.62,Returning evaluators
JOURNEY-0329,CUSTOMER-0329,2025-10-04T14:57:00+00:00,2,Webinar,1,124.62,Returning evaluators
JOURNEY-0329,CUSTOMER-0329,2025-10-04T21:42:00+00:00,3,Sales chat,1,124.62,Returning evaluators
JOURNEY-0329,CUSTOMER-0329,2025-10-05T05:21:00+00:00,4,Pricing page,1,124.62,Returning evaluators
JOURNEY-0329,CUSTOMER-0329,2025-10-05T11:53:00+00:00,5,Sales chat,1,124.62,Returning evaluators
JOURNEY-0329,CUSTOMER-0329,2025-10-05T17:36:00+00:00,6,Checkout,1,124.62,Returning evaluators
JOURNEY-0330,CUSTOMER-0330,2025-11-03T12:02:00+00:00,0,Organic search,0,0.0,Existing customers
JOURNEY-0330,CUSTOMER-0330,2025-11-03T20:21:00+00:00,1,Pricing page,0,0.0,Existing customers
JOURNEY-0330,CUSTOMER-0330,2025-11-04T04:53:00+00:00,2,Comparison tool,0,0.0,Existing customers
JOURNEY-0330,CUSTOMER-0330,2025-11-04T06:32:00+00:00,3,Sales chat,0,0.0,Existing customers
JOURNEY-0331,CUSTOMER-0331,2025-03-19T16:32:00+00:00,0,Paid social,0,0.0,New prospects
JOURNEY-0331,CUSTOMER-0331,2025-03-19T16:34:00+00:00,1,Paid social,0,0.0,New prospects
JOURNEY-0332,CUSTOMER-0332,2025-08-16T21:08:00+00:00,0,Product page,1,81.7,Returning evaluators
JOURNEY-0332,CUSTOMER-0332,2025-08-17T00:53:00+00:00,1,Checkout,1,81.7,Returning evaluators
JOURNEY-0333,CUSTOMER-0333,2025-02-18T06:42:00+00:00,0,Webinar,0,0.0,Existing customers
JOURNEY-0334,CUSTOMER-0334,2025-02-19T07:27:00+00:00,0,Organic search,0,0.0,New prospects
JOURNEY-0335,CUSTOMER-0335,2025-03-16T22:05:00+00:00,0,Referral,1,277.34,Returning evaluators
JOURNEY-0335,CUSTOMER-0335,2025-03-17T09:03:00+00:00,1,Sales chat,1,277.34,Returning evaluators
JOURNEY-0335,CUSTOMER-0335,2025-03-17T18:41:00+00:00,2,Checkout,1,277.34,Returning evaluators
JOURNEY-0335,CUSTOMER-0335,2025-03-17T18:45:00+00:00,3,Checkout,1,277.34,Returning evaluators
JOURNEY-0336,CUSTOMER-0336,2025-08-06T17:02:00+00:00,0,Product page,1,142.53,Existing customers
JOURNEY-0336,CUSTOMER-0336,2025-08-06T22:20:00+00:00,1,Checkout,1,142.53,Existing customers
JOURNEY-0337,CUSTOMER-0337,2025-07-07T18:55:00+00:00,0,Paid social,1,119.0,New prospects
JOURNEY-0337,CUSTOMER-0337,2025-07-08T07:42:00+00:00,1,Organic search,1,119.0,New prospects
JOURNEY-0337,CUSTOMER-0337,2025-07-09T03:41:00+00:00,2,Product page,1,119.0,New prospects
JOURNEY-0337,CUSTOMER-0337,2025-07-09T08:14:00+00:00,3,Pricing page,1,119.0,New prospects
JOURNEY-0337,CUSTOMER-0337,2025-07-09T10:55:00+00:00,4,Checkout,1,119.0,New prospects
JOURNEY-0338,CUSTOMER-0338,2025-07-23T15:04:00+00:00,0,Product page,0,0.0,Returning evaluators
JOURNEY-0338,CUSTOMER-0338,2025-07-24T09:25:00+00:00,1,Checkout,0,0.0,Returning evaluators
JOURNEY-0339,CUSTOMER-0339,2025-02-28T06:17:00+00:00,0,Webinar,0,0.0,Existing customers
JOURNEY-0340,CUSTOMER-0340,2025-06-13T18:27:00+00:00,0,Content article,0,0.0,New prospects
JOURNEY-0341,CUSTOMER-0341,2025-03-04T10:15:00+00:00,0,Product page,1,156.3,Returning evaluators
JOURNEY-0341,CUSTOMER-0341,2025-03-04T16:26:00+00:00,1,Pricing page,1,156.3,Returning evaluators
JOURNEY-0341,CUSTOMER-0341,2025-03-04T23:36:00+00:00,2,Checkout,1,156.3,Returning evaluators
JOURNEY-0342,CUSTOMER-0342,2025-08-22T09:06:00+00:00,0,Email,1,175.97,Existing customers
JOURNEY-0342,CUSTOMER-0342,2025-08-22T14:09:00+00:00,1,Webinar,1,175.97,Existing customers
JOURNEY-0342,CUSTOMER-0342,2025-08-23T09:30:00+00:00,2,Pricing page,1,175.97,Existing customers
JOURNEY-0342,CUSTOMER-0342,2025-08-23T16:55:00+00:00,3,Comparison tool,1,175.97,Existing customers
JOURNEY-0342,CUSTOMER-0342,2025-08-23T20:38:00+00:00,4,Sales chat,1,175.97,Existing customers
JOURNEY-0342,CUSTOMER-0342,2025-08-24T09:56:00+00:00,5,Checkout,1,175.97,Existing customers
JOURNEY-0343,CUSTOMER-0343,2025-01-29T06:16:00+00:00,0,Content article,0,0.0,New prospects
JOURNEY-0343,CUSTOMER-0343,2025-01-30T03:18:00+00:00,1,Product page,0,0.0,New prospects
JOURNEY-0343,CUSTOMER-0343,2025-01-31T11:00:00+00:00,2,Pricing page,0,0.0,New prospects
JOURNEY-0343,CUSTOMER-0343,2025-02-02T03:00:00+00:00,3,Checkout,0,0.0,New prospects
JOURNEY-0344,CUSTOMER-0344,2025-01-25T12:19:00+00:00,0,Organic search,0,0.0,Returning evaluators
JOURNEY-0344,CUSTOMER-0344,2025-01-25T12:41:00+00:00,1,Organic search,0,0.0,Returning evaluators
JOURNEY-0344,CUSTOMER-0344,2025-01-25T18:33:00+00:00,2,Content article,0,0.0,Returning evaluators
JOURNEY-0345,CUSTOMER-0345,2025-06-21T07:58:00+00:00,0,Email,1,253.89,Existing customers
JOURNEY-0345,CUSTOMER-0345,2025-06-21T17:56:00+00:00,1,Webinar,1,253.89,Existing customers
JOURNEY-0345,CUSTOMER-0345,2025-06-22T05:14:00+00:00,2,Email,1,253.89,Existing customers
JOURNEY-0345,CUSTOMER-0345,2025-06-23T11:12:00+00:00,3,Product page,1,253.89,Existing customers
JOURNEY-0345,CUSTOMER-0345,2025-06-23T13:43:00+00:00,4,Content article,1,253.89,Existing customers
JOURNEY-0345,CUSTOMER-0345,2025-06-23T15:57:00+00:00,5,Product page,1,253.89,Existing customers
JOURNEY-0345,CUSTOMER-0345,2025-06-24T11:32:00+00:00,6,Comparison tool,1,253.89,Existing customers
JOURNEY-0345,CUSTOMER-0345,2025-06-25T04:37:00+00:00,7,Checkout,1,253.89,Existing customers
JOURNEY-0346,CUSTOMER-0346,2025-03-06T12:19:00+00:00,0,Email,0,0.0,New prospects
JOURNEY-0347,CUSTOMER-0347,2025-05-14T02:27:00+00:00,0,Organic search,1,242.35,Returning evaluators
JOURNEY-0347,CUSTOMER-0347,2025-05-14T10:04:00+00:00,1,Product page,1,242.35,Returning evaluators
JOURNEY-0347,CUSTOMER-0347,2025-05-15T03:22:00+00:00,2,Checkout,1,242.35,Returning evaluators
JOURNEY-0348,CUSTOMER-0348,2025-02-21T00:25:00+00:00,0,Email,0,0.0,Existing customers
JOURNEY-0348,CUSTOMER-0348,2025-02-21T14:49:00+00:00,1,Content article,0,0.0,Existing customers
JOURNEY-0349,CUSTOMER-0349,2025-06-24T21:40:00+00:00,0,Email,0,0.0,New prospects
JOURNEY-0349,CUSTOMER-0349,2025-06-24T22:00:00+00:00,1,Email,0,0.0,New prospects
JOURNEY-0349,CUSTOMER-0349,2025-06-25T21:19:00+00:00,2,Webinar,0,0.0,New prospects
JOURNEY-0349,CUSTOMER-0349,2025-06-26T13:13:00+00:00,3,Sales chat,0,0.0,New prospects
JOURNEY-0349,CUSTOMER-0349,2025-06-27T03:30:00+00:00,4,Checkout,0,0.0,New prospects
JOURNEY-0350,CUSTOMER-0350,2025-04-29T06:57:00+00:00,0,Email,0,0.0,Returning evaluators
JOURNEY-0350,CUSTOMER-0350,2025-04-29T15:30:00+00:00,1,Content article,0,0.0,Returning evaluators
JOURNEY-0350,CUSTOMER-0350,2025-04-30T13:45:00+00:00,2,Product page,0,0.0,Returning evaluators
JOURNEY-0350,CUSTOMER-0350,2025-04-30T13:48:00+00:00,3,Product page,0,0.0,Returning evaluators
JOURNEY-0351,CUSTOMER-0351,2025-08-27T11:01:00+00:00,0,Webinar,0,0.0,Existing customers
JOURNEY-0351,CUSTOMER-0351,2025-08-28T06:05:00+00:00,1,Pricing page,0,0.0,Existing customers
JOURNEY-0352,CUSTOMER-0352,2025-01-23T03:18:00+00:00,0,Organic search,0,0.0,New prospects
JOURNEY-0352,CUSTOMER-0352,2025-01-23T03:35:00+00:00,1,Organic search,0,0.0,New prospects
JOURNEY-0352,CUSTOMER-0352,2025-01-23T21:41:00+00:00,2,Product page,0,0.0,New prospects
JOURNEY-0352,CUSTOMER-0352,2025-01-23T22:02:00+00:00,3,Product page,0,0.0,New prospects
JOURNEY-0353,CUSTOMER-0353,2025-02-14T08:20:00+00:00,0,Organic search,1,278.7,Returning evaluators
JOURNEY-0353,CUSTOMER-0353,2025-02-14T08:28:00+00:00,1,Organic search,1,278.7,Returning evaluators
JOURNEY-0353,CUSTOMER-0353,2025-02-14T17:15:00+00:00,2,Content article,1,278.7,Returning evaluators
JOURNEY-0353,CUSTOMER-0353,2025-02-14T22:53:00+00:00,3,Product page,1,278.7,Returning evaluators
JOURNEY-0353,CUSTOMER-0353,2025-02-14T22:55:00+00:00,4,Product page,1,278.7,Returning evaluators
JOURNEY-0353,CUSTOMER-0353,2025-02-14T23:43:00+00:00,5,Comparison tool,1,278.7,Returning evaluators
JOURNEY-0353,CUSTOMER-0353,2025-02-15T01:52:00+00:00,6,Sales chat,1,278.7,Returning evaluators
JOURNEY-0353,CUSTOMER-0353,2025-02-16T17:49:00+00:00,7,Pricing page,1,278.7,Returning evaluators
JOURNEY-0353,CUSTOMER-0353,2025-02-17T08:31:00+00:00,8,Checkout,1,278.7,Returning evaluators
JOURNEY-0354,CUSTOMER-0354,2025-06-10T01:22:00+00:00,0,Referral,1,195.4,Existing customers
JOURNEY-0354,CUSTOMER-0354,2025-06-10T10:02:00+00:00,1,Sales chat,1,195.4,Existing customers
JOURNEY-0355,CUSTOMER-0355,2025-09-18T02:19:00+00:00,0,Email,1,264.52,New prospects
JOURNEY-0355,CUSTOMER-0355,2025-09-18T19:45:00+00:00,1,Pricing page,1,264.52,New prospects
JOURNEY-0355,CUSTOMER-0355,2025-09-19T00:58:00+00:00,2,Checkout,1,264.52,New prospects
JOURNEY-0356,CUSTOMER-0356,2025-10-13T16:19:00+00:00,0,Email,1,223.74,Returning evaluators
JOURNEY-0356,CUSTOMER-0356,2025-10-14T02:31:00+00:00,1,Webinar,1,223.74,Returning evaluators
JOURNEY-0357,CUSTOMER-0357,2025-02-19T05:34:00+00:00,0,Email,0,0.0,Existing customers
JOURNEY-0358,CUSTOMER-0358,2025-01-25T12:03:00+00:00,0,Organic search,1,175.84,New prospects
JOURNEY-0358,CUSTOMER-0358,2025-01-26T06:56:00+00:00,1,Product page,1,175.84,New prospects
JOURNEY-0358,CUSTOMER-0358,2025-01-26T15:59:00+00:00,2,Comparison tool,1,175.84,New prospects
JOURNEY-0358,CUSTOMER-0358,2025-01-27T20:37:00+00:00,3,Pricing page,1,175.84,New prospects
JOURNEY-0358,CUSTOMER-0358,2025-01-28T15:23:00+00:00,4,Checkout,1,175.84,New prospects
JOURNEY-0359,CUSTOMER-0359,2025-03-19T05:06:00+00:00,0,Product page,1,222.05,Returning evaluators
JOURNEY-0359,CUSTOMER-0359,2025-03-19T05:23:00+00:00,1,Product page,1,222.05,Returning evaluators
JOURNEY-0359,CUSTOMER-0359,2025-03-19T22:37:00+00:00,2,Checkout,1,222.05,Returning evaluators
JOURNEY-0360,CUSTOMER-0360,2025-03-06T07:15:00+00:00,0,Organic search,1,220.34,Existing customers
JOURNEY-0360,CUSTOMER-0360,2025-03-06T07:52:00+00:00,1,Comparison tool,1,220.34,Existing customers
JOURNEY-0360,CUSTOMER-0360,2025-03-06T16:08:00+00:00,2,Product page,1,220.34,Existing customers
JOURNEY-0360,CUSTOMER-0360,2025-03-06T17:23:00+00:00,3,Pricing page,1,220.34,Existing customers
JOURNEY-0360,CUSTOMER-0360,2025-03-06T18:28:00+00:00,4,Checkout,1,220.34,Existing customers
JOURNEY-0360,CUSTOMER-0360,2025-03-06T18:40:00+00:00,5,Checkout,1,220.34,Existing customers
JOURNEY-0360,CUSTOMER-0360,2025-03-06T22:33:00+00:00,6,Sales chat,1,220.34,Existing customers
JOURNEY-0360,CUSTOMER-0360,2025-03-06T22:35:00+00:00,7,Sales chat,1,220.34,Existing customers
JOURNEY-0360,CUSTOMER-0360,2025-03-07T12:43:00+00:00,8,Checkout,1,220.34,Existing customers
JOURNEY-0361,CUSTOMER-0361,2025-06-27T01:35:00+00:00,0,Paid social,0,0.0,New prospects
JOURNEY-0362,CUSTOMER-0362,2025-05-13T02:33:00+00:00,0,Product page,1,204.33,Returning evaluators
JOURNEY-0362,CUSTOMER-0362,2025-05-13T12:11:00+00:00,1,Pricing page,1,204.33,Returning evaluators
JOURNEY-0362,CUSTOMER-0362,2025-05-13T17:48:00+00:00,2,Sales chat,1,204.33,Returning evaluators
JOURNEY-0362,CUSTOMER-0362,2025-05-14T21:35:00+00:00,3,Product page,1,204.33,Returning evaluators
JOURNEY-0362,CUSTOMER-0362,2025-05-15T04:49:00+00:00,4,Pricing page,1,204.33,Returning evaluators
JOURNEY-0362,CUSTOMER-0362,2025-05-15T13:43:00+00:00,5,Checkout,1,204.33,Returning evaluators
JOURNEY-0363,CUSTOMER-0363,2025-07-30T10:57:00+00:00,0,Email,0,0.0,Existing customers
JOURNEY-0363,CUSTOMER-0363,2025-07-31T01:45:00+00:00,1,Content article,0,0.0,Existing customers
JOURNEY-0364,CUSTOMER-0364,2025-09-24T01:31:00+00:00,0,Paid social,0,0.0,New prospects
JOURNEY-0364,CUSTOMER-0364,2025-09-24T11:45:00+00:00,1,Content article,0,0.0,New prospects
JOURNEY-0364,CUSTOMER-0364,2025-09-25T03:02:00+00:00,2,Email,0,0.0,New prospects
JOURNEY-0364,CUSTOMER-0364,2025-09-25T03:13:00+00:00,3,Email,0,0.0,New prospects
JOURNEY-0365,CUSTOMER-0365,2025-11-23T10:52:00+00:00,0,Email,0,0.0,Returning evaluators
JOURNEY-0366,CUSTOMER-0366,2025-09-27T03:07:00+00:00,0,Product page,1,193.8,Existing customers
JOURNEY-0366,CUSTOMER-0366,2025-09-27T14:20:00+00:00,1,Content article,1,193.8,Existing customers
JOURNEY-0366,CUSTOMER-0366,2025-09-28T03:11:00+00:00,2,Webinar,1,193.8,Existing customers
JOURNEY-0366,CUSTOMER-0366,2025-09-28T03:13:00+00:00,3,Webinar,1,193.8,Existing customers
JOURNEY-0366,CUSTOMER-0366,2025-09-28T04:06:00+00:00,4,Pricing page,1,193.8,Existing customers
JOURNEY-0366,CUSTOMER-0366,2025-09-28T11:04:00+00:00,5,Checkout,1,193.8,Existing customers
JOURNEY-0367,CUSTOMER-0367,2025-08-19T11:57:00+00:00,0,Content article,0,0.0,New prospects
JOURNEY-0367,CUSTOMER-0367,2025-08-19T15:47:00+00:00,1,Organic search,0,0.0,New prospects
JOURNEY-0367,CUSTOMER-0367,2025-08-20T02:44:00+00:00,2,Product page,0,0.0,New prospects
JOURNEY-0367,CUSTOMER-0367,2025-08-21T00:35:00+00:00,3,Comparison tool,0,0.0,New prospects
JOURNEY-0367,CUSTOMER-0367,2025-08-21T08:57:00+00:00,4,Pricing page,0,0.0,New prospects
JOURNEY-0367,CUSTOMER-0367,2025-08-21T19:43:00+00:00,5,Checkout,0,0.0,New prospects
JOURNEY-0368,CUSTOMER-0368,2025-10-12T06:57:00+00:00,0,Referral,1,303.01,Returning evaluators
JOURNEY-0368,CUSTOMER-0368,2025-10-12T10:16:00+00:00,1,Product page,1,303.01,Returning evaluators
JOURNEY-0368,CUSTOMER-0368,2025-10-13T06:21:00+00:00,2,Comparison tool,1,303.01,Returning evaluators
JOURNEY-0368,CUSTOMER-0368,2025-10-13T13:49:00+00:00,3,Pricing page,1,303.01,Returning evaluators
JOURNEY-0368,CUSTOMER-0368,2025-10-13T14:07:00+00:00,4,Pricing page,1,303.01,Returning evaluators
JOURNEY-0368,CUSTOMER-0368,2025-10-14T15:33:00+00:00,5,Checkout,1,303.01,Returning evaluators
JOURNEY-0369,CUSTOMER-0369,2025-11-19T17:16:00+00:00,0,Referral,1,278.13,Existing customers
JOURNEY-0369,CUSTOMER-0369,2025-11-19T19:16:00+00:00,1,Sales chat,1,278.13,Existing customers
JOURNEY-0369,CUSTOMER-0369,2025-11-19T22:28:00+00:00,2,Checkout,1,278.13,Existing customers
JOURNEY-0369,CUSTOMER-0369,2025-11-19T22:52:00+00:00,3,Checkout,1,278.13,Existing customers
JOURNEY-0370,CUSTOMER-0370,2025-09-29T11:26:00+00:00,0,Referral,1,258.28,New prospects
JOURNEY-0370,CUSTOMER-0370,2025-09-30T05:33:00+00:00,1,Product page,1,258.28,New prospects
JOURNEY-0370,CUSTOMER-0370,2025-09-30T12:55:00+00:00,2,Pricing page,1,258.28,New prospects
JOURNEY-0370,CUSTOMER-0370,2025-10-01T11:21:00+00:00,3,Checkout,1,258.28,New prospects
JOURNEY-0370,CUSTOMER-0370,2025-10-01T11:27:00+00:00,4,Checkout,1,258.28,New prospects
JOURNEY-0371,CUSTOMER-0371,2025-04-04T23:24:00+00:00,0,Organic search,0,0.0,Returning evaluators
JOURNEY-0371,CUSTOMER-0371,2025-04-05T19:23:00+00:00,1,Comparison tool,0,0.0,Returning evaluators
JOURNEY-0372,CUSTOMER-0372,2025-07-24T16:37:00+00:00,0,Referral,0,0.0,Existing customers
JOURNEY-0372,CUSTOMER-0372,2025-07-24T17:11:00+00:00,1,Pricing page,0,0.0,Existing customers
JOURNEY-0372,CUSTOMER-0372,2025-07-25T00:22:00+00:00,2,Comparison tool,0,0.0,Existing customers
JOURNEY-0373,CUSTOMER-0373,2025-07-16T06:19:00+00:00,0,Paid social,1,266.62,New prospects
JOURNEY-0373,CUSTOMER-0373,2025-07-16T10:40:00+00:00,1,Content article,1,266.62,New prospects
JOURNEY-0373,CUSTOMER-0373,2025-07-17T10:09:00+00:00,2,Product page,1,266.62,New prospects
JOURNEY-0373,CUSTOMER-0373,2025-07-18T00:21:00+00:00,3,Sales chat,1,266.62,New prospects
JOURNEY-0374,CUSTOMER-0374,2025-07-02T23:29:00+00:00,0,Organic search,1,306.75,Returning evaluators
JOURNEY-0374,CUSTOMER-0374,2025-07-03T07:45:00+00:00,1,Pricing page,1,306.75,Returning evaluators
JOURNEY-0374,CUSTOMER-0374,2025-07-04T10:25:00+00:00,2,Checkout,1,306.75,Returning evaluators
JOURNEY-0375,CUSTOMER-0375,2025-05-09T11:14:00+00:00,0,Referral,0,0.0,Existing customers
JOURNEY-0375,CUSTOMER-0375,2025-05-09T16:05:00+00:00,1,Sales chat,0,0.0,Existing customers
JOURNEY-0376,CUSTOMER-0376,2025-06-01T04:15:00+00:00,0,Paid social,0,0.0,New prospects
JOURNEY-0377,CUSTOMER-0377,2025-05-01T23:14:00+00:00,0,Email,0,0.0,Returning evaluators
JOURNEY-0377,CUSTOMER-0377,2025-05-02T08:20:00+00:00,1,Content article,0,0.0,Returning evaluators
JOURNEY-0377,CUSTOMER-0377,2025-05-03T18:21:00+00:00,2,Product page,0,0.0,Returning evaluators
JOURNEY-0378,CUSTOMER-0378,2025-05-03T19:24:00+00:00,0,Email,1,397.96,Existing customers
JOURNEY-0378,CUSTOMER-0378,2025-05-04T02:48:00+00:00,1,Pricing page,1,397.96,Existing customers
JOURNEY-0378,CUSTOMER-0378,2025-05-04T12:24:00+00:00,2,Checkout,1,397.96,Existing customers
JOURNEY-0379,CUSTOMER-0379,2025-07-04T03:17:00+00:00,0,Content article,0,0.0,New prospects
JOURNEY-0379,CUSTOMER-0379,2025-07-04T14:42:00+00:00,1,Comparison tool,0,0.0,New prospects
JOURNEY-0379,CUSTOMER-0379,2025-07-04T17:16:00+00:00,2,Pricing page,0,0.0,New prospects
JOURNEY-0380,CUSTOMER-0380,2025-01-31T05:24:00+00:00,0,Referral,0,0.0,Returning evaluators
JOURNEY-0380,CUSTOMER-0380,2025-01-31T11:43:00+00:00,1,Content article,0,0.0,Returning evaluators
JOURNEY-0381,CUSTOMER-0381,2025-07-09T03:28:00+00:00,0,Product page,0,0.0,Existing customers
JOURNEY-0382,CUSTOMER-0382,2025-06-18T04:29:00+00:00,0,Referral,1,316.58,New prospects
JOURNEY-0382,CUSTOMER-0382,2025-06-19T10:08:00+00:00,1,Pricing page,1,316.58,New prospects
JOURNEY-0382,CUSTOMER-0382,2025-06-19T21:53:00+00:00,2,Comparison tool,1,316.58,New prospects
JOURNEY-0382,CUSTOMER-0382,2025-06-20T05:45:00+00:00,3,Sales chat,1,316.58,New prospects
JOURNEY-0383,CUSTOMER-0383,2025-08-24T13:51:00+00:00,0,Organic search,1,254.59,Returning evaluators
JOURNEY-0383,CUSTOMER-0383,2025-08-24T21:49:00+00:00,1,Content article,1,254.59,Returning evaluators
JOURNEY-0383,CUSTOMER-0383,2025-08-25T00:07:00+00:00,2,Product page,1,254.59,Returning evaluators
JOURNEY-0383,CUSTOMER-0383,2025-08-25T04:32:00+00:00,3,Comparison tool,1,254.59,Returning evaluators
JOURNEY-0383,CUSTOMER-0383,2025-08-25T12:11:00+00:00,4,Pricing page,1,254.59,Returning evaluators
JOURNEY-0383,CUSTOMER-0383,2025-08-25T18:21:00+00:00,5,Checkout,1,254.59,Returning evaluators
JOURNEY-0384,CUSTOMER-0384,2025-10-12T02:02:00+00:00,0,Referral,0,0.0,Existing customers
JOURNEY-0384,CUSTOMER-0384,2025-10-13T09:47:00+00:00,1,Pricing page,0,0.0,Existing customers
JOURNEY-0384,CUSTOMER-0384,2025-10-13T18:28:00+00:00,2,Sales chat,0,0.0,Existing customers
JOURNEY-0385,CUSTOMER-0385,2025-07-27T04:26:00+00:00,0,Paid social,0,0.0,New prospects
JOURNEY-0386,CUSTOMER-0386,2025-03-28T03:32:00+00:00,0,Comparison tool,0,0.0,Returning evaluators
JOURNEY-0386,CUSTOMER-0386,2025-03-28T10:16:00+00:00,1,Pricing page,0,0.0,Returning evaluators
JOURNEY-0386,CUSTOMER-0386,2025-03-28T18:22:00+00:00,2,Comparison tool,0,0.0,Returning evaluators
JOURNEY-0387,CUSTOMER-0387,2025-05-17T11:00:00+00:00,0,Organic search,0,0.0,Existing customers
JOURNEY-0388,CUSTOMER-0388,2025-01-11T12:11:00+00:00,0,Referral,0,0.0,New prospects
JOURNEY-0388,CUSTOMER-0388,2025-01-11T12:35:00+00:00,1,Referral,0,0.0,New prospects
JOURNEY-0388,CUSTOMER-0388,2025-01-11T18:39:00+00:00,2,Sales chat,0,0.0,New prospects
JOURNEY-0388,CUSTOMER-0388,2025-01-12T01:36:00+00:00,3,Product page,0,0.0,New prospects
JOURNEY-0388,CUSTOMER-0388,2025-01-12T01:49:00+00:00,4,Product page,0,0.0,New prospects
JOURNEY-0388,CUSTOMER-0388,2025-01-12T12:15:00+00:00,5,Pricing page,0,0.0,New prospects
JOURNEY-0389,CUSTOMER-0389,2025-09-07T07:23:00+00:00,0,Email,1,186.61,Returning evaluators
JOURNEY-0389,CUSTOMER-0389,2025-09-07T15:45:00+00:00,1,Product page,1,186.61,Returning evaluators
JOURNEY-0389,CUSTOMER-0389,2025-09-08T02:58:00+00:00,2,Sales chat,1,186.61,Returning evaluators
JOURNEY-0390,CUSTOMER-0390,2025-06-20T20:19:00+00:00,0,Product page,1,249.7,Existing customers
JOURNEY-0390,CUSTOMER-0390,2025-06-21T08:23:00+00:00,1,Pricing page,1,249.7,Existing customers
JOURNEY-0390,CUSTOMER-0390,2025-06-21T15:11:00+00:00,2,Checkout,1,249.7,Existing customers
JOURNEY-0391,CUSTOMER-0391,2025-10-21T13:04:00+00:00,0,Paid social,0,0.0,New prospects
JOURNEY-0392,CUSTOMER-0392,2025-06-21T12:21:00+00:00,0,Organic search,1,139.55,Returning evaluators
JOURNEY-0392,CUSTOMER-0392,2025-06-21T14:00:00+00:00,1,Product page,1,139.55,Returning evaluators
JOURNEY-0392,CUSTOMER-0392,2025-06-21T18:10:00+00:00,2,Sales chat,1,139.55,Returning evaluators
JOURNEY-0392,CUSTOMER-0392,2025-06-22T03:42:00+00:00,3,Checkout,1,139.55,Returning evaluators
JOURNEY-0393,CUSTOMER-0393,2025-07-19T07:03:00+00:00,0,Webinar,1,280.01,Existing customers
JOURNEY-0394,CUSTOMER-0394,2025-04-23T05:01:00+00:00,0,Paid social,0,0.0,New prospects
JOURNEY-0394,CUSTOMER-0394,2025-04-23T05:21:00+00:00,1,Paid social,0,0.0,New prospects
JOURNEY-0394,CUSTOMER-0394,2025-04-23T08:03:00+00:00,2,Content article,0,0.0,New prospects
JOURNEY-0395,CUSTOMER-0395,2025-11-14T23:14:00+00:00,0,Comparison tool,0,0.0,Returning evaluators
JOURNEY-0395,CUSTOMER-0395,2025-11-16T21:05:00+00:00,1,Pricing page,0,0.0,Returning evaluators
JOURNEY-0395,CUSTOMER-0395,2025-11-17T04:03:00+00:00,2,Checkout,0,0.0,Returning evaluators
JOURNEY-0396,CUSTOMER-0396,2025-08-13T21:51:00+00:00,0,Email,1,281.51,Existing customers
JOURNEY-0396,CUSTOMER-0396,2025-08-14T16:28:00+00:00,1,Product page,1,281.51,Existing customers
JOURNEY-0396,CUSTOMER-0396,2025-08-15T19:28:00+00:00,2,Pricing page,1,281.51,Existing customers
JOURNEY-0396,CUSTOMER-0396,2025-08-15T19:41:00+00:00,3,Pricing page,1,281.51,Existing customers
JOURNEY-0397,CUSTOMER-0397,2025-03-07T10:07:00+00:00,0,Content article,1,257.64,New prospects
JOURNEY-0397,CUSTOMER-0397,2025-03-07T13:40:00+00:00,1,Comparison tool,1,257.64,New prospects
JOURNEY-0397,CUSTOMER-0397,2025-03-08T07:01:00+00:00,2,Checkout,1,257.64,New prospects
JOURNEY-0398,CUSTOMER-0398,2025-10-16T13:14:00+00:00,0,Comparison tool,0,0.0,Returning evaluators
JOURNEY-0398,CUSTOMER-0398,2025-10-16T13:23:00+00:00,1,Comparison tool,0,0.0,Returning evaluators
JOURNEY-0399,CUSTOMER-0399,2025-03-30T17:07:00+00:00,0,Referral,0,0.0,Existing customers
JOURNEY-0399,CUSTOMER-0399,2025-03-31T05:29:00+00:00,1,Pricing page,0,0.0,Existing customers
JOURNEY-0399,CUSTOMER-0399,2025-03-31T18:34:00+00:00,2,Checkout,0,0.0,Existing customers
JOURNEY-0400,CUSTOMER-0400,2025-04-06T05:17:00+00:00,0,Content article,0,0.0,New prospects
JOURNEY-0400,CUSTOMER-0400,2025-04-06T05:28:00+00:00,1,Content article,0,0.0,New prospects
JOURNEY-0401,CUSTOMER-0401,2025-02-21T00:54:00+00:00,0,Comparison tool,1,225.61,Returning evaluators
JOURNEY-0401,CUSTOMER-0401,2025-02-21T14:35:00+00:00,1,Checkout,1,225.61,Returning evaluators
JOURNEY-0402,CUSTOMER-0402,2025-04-27T17:54:00+00:00,0,Webinar,0,0.0,Existing customers
JOURNEY-0402,CUSTOMER-0402,2025-04-27T17:57:00+00:00,1,Webinar,0,0.0,Existing customers
JOURNEY-0402,CUSTOMER-0402,2025-04-28T01:01:00+00:00,2,Pricing page,0,0.0,Existing customers
JOURNEY-0402,CUSTOMER-0402,2025-04-28T14:15:00+00:00,3,Sales chat,0,0.0,Existing customers
JOURNEY-0402,CUSTOMER-0402,2025-04-28T14:37:00+00:00,4,Sales chat,0,0.0,Existing customers
JOURNEY-0402,CUSTOMER-0402,2025-04-30T02:49:00+00:00,5,Checkout,0,0.0,Existing customers
JOURNEY-0403,CUSTOMER-0403,2025-09-26T07:28:00+00:00,0,Content article,1,181.23,New prospects
JOURNEY-0403,CUSTOMER-0403,2025-09-26T12:38:00+00:00,1,Product page,1,181.23,New prospects
JOURNEY-0403,CUSTOMER-0403,2025-09-26T16:37:00+00:00,2,Sales chat,1,181.23,New prospects
JOURNEY-0403,CUSTOMER-0403,2025-09-26T22:52:00+00:00,3,Pricing page,1,181.23,New prospects
JOURNEY-0404,CUSTOMER-0404,2025-06-13T09:31:00+00:00,0,Product page,0,0.0,Returning evaluators
JOURNEY-0404,CUSTOMER-0404,2025-06-13T09:35:00+00:00,1,Product page,0,0.0,Returning evaluators
JOURNEY-0404,CUSTOMER-0404,2025-06-13T13:12:00+00:00,2,Pricing page,0,0.0,Returning evaluators
JOURNEY-0404,CUSTOMER-0404,2025-06-13T22:11:00+00:00,3,Checkout,0,0.0,Returning evaluators
JOURNEY-0405,CUSTOMER-0405,2025-07-04T05:09:00+00:00,0,Product page,1,177.4,Existing customers
JOURNEY-0405,CUSTOMER-0405,2025-07-04T05:17:00+00:00,1,Product page,1,177.4,Existing customers
JOURNEY-0405,CUSTOMER-0405,2025-07-05T08:29:00+00:00,2,Pricing page,1,177.4,Existing customers
JOURNEY-0405,CUSTOMER-0405,2025-07-05T17:33:00+00:00,3,Checkout,1,177.4,Existing customers
JOURNEY-0406,CUSTOMER-0406,2025-02-19T00:01:00+00:00,0,Paid social,0,0.0,New prospects
JOURNEY-0406,CUSTOMER-0406,2025-02-19T15:28:00+00:00,1,Content article,0,0.0,New prospects
JOURNEY-0406,CUSTOMER-0406,2025-02-20T05:23:00+00:00,2,Product page,0,0.0,New prospects
JOURNEY-0406,CUSTOMER-0406,2025-02-20T20:44:00+00:00,3,Pricing page,0,0.0,New prospects
JOURNEY-0406,CUSTOMER-0406,2025-02-21T01:27:00+00:00,4,Sales chat,0,0.0,New prospects
JOURNEY-0406,CUSTOMER-0406,2025-02-21T05:12:00+00:00,5,Product page,0,0.0,New prospects
JOURNEY-0406,CUSTOMER-0406,2025-02-22T01:14:00+00:00,6,Checkout,0,0.0,New prospects
JOURNEY-0407,CUSTOMER-0407,2025-01-08T18:44:00+00:00,0,Product page,1,112.76,Returning evaluators
JOURNEY-0407,CUSTOMER-0407,2025-01-08T21:42:00+00:00,1,Checkout,1,112.76,Returning evaluators
JOURNEY-0408,CUSTOMER-0408,2025-06-04T22:47:00+00:00,0,Product page,1,199.34,Existing customers
JOURNEY-0408,CUSTOMER-0408,2025-06-05T02:41:00+00:00,1,Sales chat,1,199.34,Existing customers
JOURNEY-0408,CUSTOMER-0408,2025-06-05T11:35:00+00:00,2,Pricing page,1,199.34,Existing customers
JOURNEY-0408,CUSTOMER-0408,2025-06-05T21:24:00+00:00,3,Checkout,1,199.34,Existing customers
JOURNEY-0409,CUSTOMER-0409,2025-06-24T03:36:00+00:00,0,Paid social,1,564.6,New prospects
JOURNEY-0409,CUSTOMER-0409,2025-06-25T05:48:00+00:00,1,Product page,1,564.6,New prospects
JOURNEY-0409,CUSTOMER-0409,2025-06-25T18:36:00+00:00,2,Sales chat,1,564.6,New prospects
JOURNEY-0410,CUSTOMER-0410,2025-04-06T16:38:00+00:00,0,Comparison tool,0,0.0,Returning evaluators
JOURNEY-0410,CUSTOMER-0410,2025-04-06T21:54:00+00:00,1,Product page,0,0.0,Returning evaluators
JOURNEY-0410,CUSTOMER-0410,2025-04-06T21:58:00+00:00,2,Product page,0,0.0,Returning evaluators
JOURNEY-0410,CUSTOMER-0410,2025-04-07T07:05:00+00:00,3,Pricing page,0,0.0,Returning evaluators
JOURNEY-0410,CUSTOMER-0410,2025-04-07T07:17:00+00:00,4,Pricing page,0,0.0,Returning evaluators
JOURNEY-0411,CUSTOMER-0411,2025-08-30T18:30:00+00:00,0,Email,0,0.0,Existing customers
JOURNEY-0411,CUSTOMER-0411,2025-08-31T13:06:00+00:00,1,Product page,0,0.0,Existing customers
JOURNEY-0411,CUSTOMER-0411,2025-09-02T02:40:00+00:00,2,Pricing page,0,0.0,Existing customers
JOURNEY-0412,CUSTOMER-0412,2025-02-02T03:05:00+00:00,0,Paid social,0,0.0,New prospects
JOURNEY-0412,CUSTOMER-0412,2025-02-02T06:56:00+00:00,1,Content article,0,0.0,New prospects
JOURNEY-0412,CUSTOMER-0412,2025-02-02T09:00:00+00:00,2,Webinar,0,0.0,New prospects
JOURNEY-0412,CUSTOMER-0412,2025-02-03T05:06:00+00:00,3,Sales chat,0,0.0,New prospects
JOURNEY-0412,CUSTOMER-0412,2025-02-03T15:27:00+00:00,4,Checkout,0,0.0,New prospects
JOURNEY-0413,CUSTOMER-0413,2025-11-03T11:41:00+00:00,0,Organic search,0,0.0,Returning evaluators
JOURNEY-0414,CUSTOMER-0414,2025-07-30T02:16:00+00:00,0,Referral,1,219.53,Existing customers
JOURNEY-0414,CUSTOMER-0414,2025-07-31T02:09:00+00:00,1,Sales chat,1,219.53,Existing customers
JOURNEY-0414,CUSTOMER-0414,2025-07-31T09:43:00+00:00,2,Checkout,1,219.53,Existing customers
JOURNEY-0414,CUSTOMER-0414,2025-07-31T23:43:00+00:00,3,Pricing page,1,219.53,Existing customers
JOURNEY-0414,CUSTOMER-0414,2025-08-01T06:01:00+00:00,4,Checkout,1,219.53,Existing customers
JOURNEY-0414,CUSTOMER-0414,2025-08-01T06:18:00+00:00,5,Checkout,1,219.53,Existing customers
JOURNEY-0415,CUSTOMER-0415,2025-05-17T05:19:00+00:00,0,Content article,0,0.0,New prospects
JOURNEY-0415,CUSTOMER-0415,2025-05-17T09:26:00+00:00,1,Product page,0,0.0,New prospects
JOURNEY-0415,CUSTOMER-0415,2025-05-17T09:28:00+00:00,2,Product page,0,0.0,New prospects
JOURNEY-0415,CUSTOMER-0415,2025-05-17T18:40:00+00:00,3,Sales chat,0,0.0,New prospects
JOURNEY-0415,CUSTOMER-0415,2025-05-17T23:39:00+00:00,4,Pricing page,0,0.0,New prospects
JOURNEY-0415,CUSTOMER-0415,2025-05-18T06:25:00+00:00,5,Sales chat,0,0.0,New prospects
JOURNEY-0415,CUSTOMER-0415,2025-05-18T12:46:00+00:00,6,Checkout,0,0.0,New prospects
JOURNEY-0416,CUSTOMER-0416,2025-08-20T08:46:00+00:00,0,Organic search,0,0.0,Returning evaluators
JOURNEY-0416,CUSTOMER-0416,2025-08-20T18:36:00+00:00,1,Product page,0,0.0,Returning evaluators
JOURNEY-0416,CUSTOMER-0416,2025-08-20T18:43:00+00:00,2,Product page,0,0.0,Returning evaluators
JOURNEY-0416,CUSTOMER-0416,2025-08-21T05:36:00+00:00,3,Sales chat,0,0.0,Returning evaluators
JOURNEY-0417,CUSTOMER-0417,2025-03-28T16:01:00+00:00,0,Webinar,1,157.38,Existing customers
JOURNEY-0417,CUSTOMER-0417,2025-03-28T17:45:00+00:00,1,Sales chat,1,157.38,Existing customers
JOURNEY-0418,CUSTOMER-0418,2025-10-08T08:33:00+00:00,0,Referral,0,0.0,New prospects
JOURNEY-0418,CUSTOMER-0418,2025-10-08T12:24:00+00:00,1,Content article,0,0.0,New prospects
JOURNEY-0418,CUSTOMER-0418,2025-10-08T12:28:00+00:00,2,Content article,0,0.0,New prospects
JOURNEY-0419,CUSTOMER-0419,2025-10-05T01:14:00+00:00,0,Comparison tool,1,203.17,Returning evaluators
JOURNEY-0419,CUSTOMER-0419,2025-10-05T06:32:00+00:00,1,Product page,1,203.17,Returning evaluators
JOURNEY-0419,CUSTOMER-0419,2025-10-05T09:18:00+00:00,2,Content article,1,203.17,Returning evaluators
JOURNEY-0419,CUSTOMER-0419,2025-10-05T14:42:00+00:00,3,Webinar,1,203.17,Returning evaluators
JOURNEY-0419,CUSTOMER-0419,2025-10-06T02:59:00+00:00,4,Sales chat,1,203.17,Returning evaluators
JOURNEY-0420,CUSTOMER-0420,2025-11-17T03:44:00+00:00,0,Referral,1,440.79,Existing customers
JOURNEY-0420,CUSTOMER-0420,2025-11-17T11:35:00+00:00,1,Content article,1,440.79,Existing customers
JOURNEY-0420,CUSTOMER-0420,2025-11-17T13:01:00+00:00,2,Product page,1,440.79,Existing customers
JOURNEY-0420,CUSTOMER-0420,2025-11-17T13:16:00+00:00,3,Comparison tool,1,440.79,Existing customers
JOURNEY-0420,CUSTOMER-0420,2025-11-18T12:45:00+00:00,4,Sales chat,1,440.79,Existing customers
JOURNEY-0421,CUSTOMER-0421,2025-11-09T03:59:00+00:00,0,Organic search,1,248.79,New prospects
JOURNEY-0421,CUSTOMER-0421,2025-11-09T14:26:00+00:00,1,Product page,1,248.79,New prospects
JOURNEY-0421,CUSTOMER-0421,2025-11-10T05:30:00+00:00,2,Comparison tool,1,248.79,New prospects
JOURNEY-0421,CUSTOMER-0421,2025-11-10T21:29:00+00:00,3,Pricing page,1,248.79,New prospects
JOURNEY-0422,CUSTOMER-0422,2025-07-19T17:23:00+00:00,0,Product page,1,174.74,Returning evaluators
JOURNEY-0422,CUSTOMER-0422,2025-07-19T17:38:00+00:00,1,Sales chat,1,174.74,Returning evaluators
JOURNEY-0422,CUSTOMER-0422,2025-07-19T19:35:00+00:00,2,Checkout,1,174.74,Returning evaluators
JOURNEY-0423,CUSTOMER-0423,2025-02-23T03:49:00+00:00,0,Email,1,250.2,Existing customers
JOURNEY-0423,CUSTOMER-0423,2025-02-23T18:28:00+00:00,1,Webinar,1,250.2,Existing customers
JOURNEY-0424,CUSTOMER-0424,2025-05-10T03:34:00+00:00,0,Paid social,0,0.0,New prospects
JOURNEY-0424,CUSTOMER-0424,2025-05-10T17:18:00+00:00,1,Content article,0,0.0,New prospects
JOURNEY-0424,CUSTOMER-0424,2025-05-11T16:15:00+00:00,2,Product page,0,0.0,New prospects
JOURNEY-0425,CUSTOMER-0425,2025-08-14T13:53:00+00:00,0,Email,1,534.25,Returning evaluators
JOURNEY-0425,CUSTOMER-0425,2025-08-15T16:54:00+00:00,1,Product page,1,534.25,Returning evaluators
JOURNEY-0425,CUSTOMER-0425,2025-08-16T02:33:00+00:00,2,Comparison tool,1,534.25,Returning evaluators
JOURNEY-0425,CUSTOMER-0425,2025-08-16T10:46:00+00:00,3,Product page,1,534.25,Returning evaluators
JOURNEY-0425,CUSTOMER-0425,2025-08-17T05:56:00+00:00,4,Sales chat,1,534.25,Returning evaluators
JOURNEY-0425,CUSTOMER-0425,2025-08-17T16:43:00+00:00,5,Checkout,1,534.25,Returning evaluators
JOURNEY-0426,CUSTOMER-0426,2025-03-20T12:46:00+00:00,0,Email,1,241.77,Existing customers
JOURNEY-0426,CUSTOMER-0426,2025-03-21T06:31:00+00:00,1,Pricing page,1,241.77,Existing customers
JOURNEY-0426,CUSTOMER-0426,2025-03-22T01:30:00+00:00,2,Checkout,1,241.77,Existing customers
JOURNEY-0427,CUSTOMER-0427,2025-01-21T06:38:00+00:00,0,Email,1,177.52,New prospects
JOURNEY-0427,CUSTOMER-0427,2025-01-22T03:02:00+00:00,1,Webinar,1,177.52,New prospects
JOURNEY-0427,CUSTOMER-0427,2025-01-23T04:11:00+00:00,2,Sales chat,1,177.52,New prospects
JOURNEY-0427,CUSTOMER-0427,2025-01-23T22:48:00+00:00,3,Product page,1,177.52,New prospects
JOURNEY-0427,CUSTOMER-0427,2025-01-24T23:21:00+00:00,4,Pricing page,1,177.52,New prospects
JOURNEY-0427,CUSTOMER-0427,2025-01-25T13:33:00+00:00,5,Checkout,1,177.52,New prospects
JOURNEY-0428,CUSTOMER-0428,2025-08-12T12:47:00+00:00,0,Product page,1,338.08,Returning evaluators
JOURNEY-0428,CUSTOMER-0428,2025-08-12T15:10:00+00:00,1,Sales chat,1,338.08,Returning evaluators
JOURNEY-0428,CUSTOMER-0428,2025-08-13T09:21:00+00:00,2,Pricing page,1,338.08,Returning evaluators
JOURNEY-0428,CUSTOMER-0428,2025-08-13T22:34:00+00:00,3,Comparison tool,1,338.08,Returning evaluators
JOURNEY-0428,CUSTOMER-0428,2025-08-14T11:57:00+00:00,4,Sales chat,1,338.08,Returning evaluators
JOURNEY-0428,CUSTOMER-0428,2025-08-14T12:13:00+00:00,5,Sales chat,1,338.08,Returning evaluators
JOURNEY-0429,CUSTOMER-0429,2025-02-14T02:47:00+00:00,0,Referral,0,0.0,Existing customers
JOURNEY-0430,CUSTOMER-0430,2025-07-28T08:25:00+00:00,0,Paid social,0,0.0,New prospects
JOURNEY-0431,CUSTOMER-0431,2025-08-25T06:28:00+00:00,0,Product page,0,0.0,Returning evaluators
JOURNEY-0431,CUSTOMER-0431,2025-08-25T07:31:00+00:00,1,Sales chat,0,0.0,Returning evaluators
JOURNEY-0431,CUSTOMER-0431,2025-08-25T07:34:00+00:00,2,Sales chat,0,0.0,Returning evaluators
JOURNEY-0432,CUSTOMER-0432,2025-02-18T04:31:00+00:00,0,Email,1,137.61,Existing customers
JOURNEY-0432,CUSTOMER-0432,2025-02-18T09:54:00+00:00,1,Content article,1,137.61,Existing customers
JOURNEY-0432,CUSTOMER-0432,2025-02-18T17:15:00+00:00,2,Webinar,1,137.61,Existing customers
JOURNEY-0433,CUSTOMER-0433,2025-10-03T08:24:00+00:00,0,Paid social,0,0.0,New prospects
JOURNEY-0433,CUSTOMER-0433,2025-10-04T07:43:00+00:00,1,Content article,0,0.0,New prospects
JOURNEY-0433,CUSTOMER-0433,2025-10-04T16:31:00+00:00,2,Comparison tool,0,0.0,New prospects
JOURNEY-0434,CUSTOMER-0434,2025-08-07T12:49:00+00:00,0,Email,0,0.0,Returning evaluators
JOURNEY-0435,CUSTOMER-0435,2025-11-07T22:44:00+00:00,0,Product page,1,287.18,Existing customers
JOURNEY-0435,CUSTOMER-0435,2025-11-08T06:19:00+00:00,1,Pricing page,1,287.18,Existing customers
JOURNEY-0435,CUSTOMER-0435,2025-11-08T20:20:00+00:00,2,Comparison tool,1,287.18,Existing customers
JOURNEY-0435,CUSTOMER-0435,2025-11-09T05:45:00+00:00,3,Pricing page,1,287.18,Existing customers
JOURNEY-0435,CUSTOMER-0435,2025-11-10T15:56:00+00:00,4,Checkout,1,287.18,Existing customers
JOURNEY-0436,CUSTOMER-0436,2025-08-12T22:01:00+00:00,0,Paid social,0,0.0,New prospects
JOURNEY-0436,CUSTOMER-0436,2025-08-13T14:12:00+00:00,1,Content article,0,0.0,New prospects
JOURNEY-0436,CUSTOMER-0436,2025-08-14T01:34:00+00:00,2,Comparison tool,0,0.0,New prospects
JOURNEY-0436,CUSTOMER-0436,2025-08-14T18:54:00+00:00,3,Sales chat,0,0.0,New prospects
JOURNEY-0437,CUSTOMER-0437,2025-01-13T04:37:00+00:00,0,Comparison tool,1,570.31,Returning evaluators
JOURNEY-0437,CUSTOMER-0437,2025-01-13T22:10:00+00:00,1,Sales chat,1,570.31,Returning evaluators
JOURNEY-0438,CUSTOMER-0438,2025-01-27T13:35:00+00:00,0,Referral,1,203.07,Existing customers
JOURNEY-0438,CUSTOMER-0438,2025-01-27T22:47:00+00:00,1,Product page,1,203.07,Existing customers
JOURNEY-0438,CUSTOMER-0438,2025-01-28T06:45:00+00:00,2,Sales chat,1,203.07,Existing customers
JOURNEY-0439,CUSTOMER-0439,2025-03-30T15:46:00+00:00,0,Referral,1,215.55,New prospects
JOURNEY-0439,CUSTOMER-0439,2025-03-31T07:02:00+00:00,1,Product page,1,215.55,New prospects
JOURNEY-0439,CUSTOMER-0439,2025-03-31T18:35:00+00:00,2,Sales chat,1,215.55,New prospects
JOURNEY-0440,CUSTOMER-0440,2025-08-13T04:19:00+00:00,0,Email,0,0.0,Returning evaluators
JOURNEY-0440,CUSTOMER-0440,2025-08-13T13:30:00+00:00,1,Webinar,0,0.0,Returning evaluators
JOURNEY-0440,CUSTOMER-0440,2025-08-13T21:17:00+00:00,2,Pricing page,0,0.0,Returning evaluators
JOURNEY-0440,CUSTOMER-0440,2025-08-13T22:33:00+00:00,3,Checkout,0,0.0,Returning evaluators
JOURNEY-0441,CUSTOMER-0441,2025-11-11T06:14:00+00:00,0,Webinar,1,212.71,Existing customers
JOURNEY-0442,CUSTOMER-0442,2025-02-14T10:58:00+00:00,0,Organic search,1,233.2,New prospects
JOURNEY-0442,CUSTOMER-0442,2025-02-15T14:39:00+00:00,1,Product page,1,233.2,New prospects
JOURNEY-0442,CUSTOMER-0442,2025-02-15T15:46:00+00:00,2,Comparison tool,1,233.2,New prospects
JOURNEY-0442,CUSTOMER-0442,2025-02-16T00:07:00+00:00,3,Sales chat,1,233.2,New prospects
JOURNEY-0442,CUSTOMER-0442,2025-02-16T10:45:00+00:00,4,Pricing page,1,233.2,New prospects
JOURNEY-0443,CUSTOMER-0443,2025-04-05T01:21:00+00:00,0,Comparison tool,0,0.0,Returning evaluators
JOURNEY-0443,CUSTOMER-0443,2025-04-05T17:38:00+00:00,1,Sales chat,0,0.0,Returning evaluators
JOURNEY-0443,CUSTOMER-0443,2025-04-06T05:51:00+00:00,2,Checkout,0,0.0,Returning evaluators
JOURNEY-0443,CUSTOMER-0443,2025-04-06T05:56:00+00:00,3,Checkout,0,0.0,Returning evaluators
JOURNEY-0444,CUSTOMER-0444,2025-05-16T11:10:00+00:00,0,Webinar,1,181.63,Existing customers
JOURNEY-0445,CUSTOMER-0445,2025-02-02T07:02:00+00:00,0,Paid social,0,0.0,New prospects
JOURNEY-0446,CUSTOMER-0446,2025-02-21T22:47:00+00:00,0,Product page,1,135.95,Returning evaluators
JOURNEY-0446,CUSTOMER-0446,2025-02-21T23:09:00+00:00,1,Product page,1,135.95,Returning evaluators
JOURNEY-0446,CUSTOMER-0446,2025-02-23T15:39:00+00:00,2,Comparison tool,1,135.95,Returning evaluators
JOURNEY-0446,CUSTOMER-0446,2025-02-24T03:25:00+00:00,3,Pricing page,1,135.95,Returning evaluators
JOURNEY-0447,CUSTOMER-0447,2025-08-01T11:04:00+00:00,0,Organic search,1,105.31,Existing customers
JOURNEY-0447,CUSTOMER-0447,2025-08-01T11:06:00+00:00,1,Organic search,1,105.31,Existing customers
JOURNEY-0447,CUSTOMER-0447,2025-08-01T23:46:00+00:00,2,Product page,1,105.31,Existing customers
JOURNEY-0447,CUSTOMER-0447,2025-08-02T06:01:00+00:00,3,Sales chat,1,105.31,Existing customers
JOURNEY-0447,CUSTOMER-0447,2025-08-02T06:12:00+00:00,4,Sales chat,1,105.31,Existing customers
JOURNEY-0448,CUSTOMER-0448,2025-11-26T08:16:00+00:00,0,Email,0,0.0,New prospects
JOURNEY-0448,CUSTOMER-0448,2025-11-26T22:48:00+00:00,1,Product page,0,0.0,New prospects
JOURNEY-0449,CUSTOMER-0449,2025-03-09T03:22:00+00:00,0,Organic search,1,218.47,Returning evaluators
JOURNEY-0449,CUSTOMER-0449,2025-03-09T09:13:00+00:00,1,Product page,1,218.47,Returning evaluators
JOURNEY-0449,CUSTOMER-0449,2025-03-09T17:36:00+00:00,2,Pricing page,1,218.47,Returning evaluators
JOURNEY-0449,CUSTOMER-0449,2025-03-10T21:51:00+00:00,3,Sales chat,1,218.47,Returning evaluators
JOURNEY-0449,CUSTOMER-0449,2025-03-11T02:26:00+00:00,4,Checkout,1,218.47,Returning evaluators
JOURNEY-0450,CUSTOMER-0450,2025-08-29T23:08:00+00:00,0,Email,0,0.0,Existing customers
JOURNEY-0450,CUSTOMER-0450,2025-08-29T23:37:00+00:00,1,Webinar,0,0.0,Existing customers
JOURNEY-0450,CUSTOMER-0450,2025-08-30T15:56:00+00:00,2,Product page,0,0.0,Existing customers
JOURNEY-0450,CUSTOMER-0450,2025-09-01T06:55:00+00:00,3,Comparison tool,0,0.0,Existing customers
JOURNEY-0450,CUSTOMER-0450,2025-09-01T19:18:00+00:00,4,Pricing page,0,0.0,Existing customers
JOURNEY-0451,CUSTOMER-0451,2025-10-12T03:20:00+00:00,0,Content article,0,0.0,New prospects
JOURNEY-0451,CUSTOMER-0451,2025-10-14T03:51:00+00:00,1,Webinar,0,0.0,New prospects
JOURNEY-0451,CUSTOMER-0451,2025-10-16T09:32:00+00:00,2,Pricing page,0,0.0,New prospects
JOURNEY-0452,CUSTOMER-0452,2025-04-28T02:14:00+00:00,0,Referral,0,0.0,Returning evaluators
JOURNEY-0453,CUSTOMER-0453,2025-05-17T18:16:00+00:00,0,Referral,0,0.0,Existing customers
JOURNEY-0453,CUSTOMER-0453,2025-05-18T06:39:00+00:00,1,Product page,0,0.0,Existing customers
JOURNEY-0453,CUSTOMER-0453,2025-05-18T07:03:00+00:00,2,Product page,0,0.0,Existing customers
JOURNEY-0453,CUSTOMER-0453,2025-05-19T13:31:00+00:00,3,Sales chat,0,0.0,Existing customers
JOURNEY-0453,CUSTOMER-0453,2025-05-19T23:24:00+00:00,4,Pricing page,0,0.0,Existing customers
JOURNEY-0453,CUSTOMER-0453,2025-05-20T18:40:00+00:00,5,Checkout,0,0.0,Existing customers
JOURNEY-0454,CUSTOMER-0454,2025-05-29T01:10:00+00:00,0,Organic search,0,0.0,New prospects
JOURNEY-0454,CUSTOMER-0454,2025-05-29T08:19:00+00:00,1,Product page,0,0.0,New prospects
JOURNEY-0455,CUSTOMER-0455,2025-04-27T18:03:00+00:00,0,Email,1,178.41,Returning evaluators
JOURNEY-0455,CUSTOMER-0455,2025-04-28T13:00:00+00:00,1,Content article,1,178.41,Returning evaluators
JOURNEY-0455,CUSTOMER-0455,2025-04-28T19:49:00+00:00,2,Comparison tool,1,178.41,Returning evaluators
JOURNEY-0455,CUSTOMER-0455,2025-04-30T08:18:00+00:00,3,Pricing page,1,178.41,Returning evaluators
JOURNEY-0455,CUSTOMER-0455,2025-04-30T08:39:00+00:00,4,Pricing page,1,178.41,Returning evaluators
JOURNEY-0455,CUSTOMER-0455,2025-04-30T18:16:00+00:00,5,Checkout,1,178.41,Returning evaluators
JOURNEY-0456,CUSTOMER-0456,2025-09-27T16:26:00+00:00,0,Email,1,360.08,Existing customers
JOURNEY-0456,CUSTOMER-0456,2025-09-27T16:39:00+00:00,1,Email,1,360.08,Existing customers
JOURNEY-0456,CUSTOMER-0456,2025-09-28T00:24:00+00:00,2,Content article,1,360.08,Existing customers
JOURNEY-0456,CUSTOMER-0456,2025-09-28T16:41:00+00:00,3,Comparison tool,1,360.08,Existing customers
JOURNEY-0456,CUSTOMER-0456,2025-09-28T21:41:00+00:00,4,Pricing page,1,360.08,Existing customers
JOURNEY-0456,CUSTOMER-0456,2025-09-28T21:51:00+00:00,5,Pricing page,1,360.08,Existing customers
JOURNEY-0456,CUSTOMER-0456,2025-09-28T23:38:00+00:00,6,Checkout,1,360.08,Existing customers
JOURNEY-0457,CUSTOMER-0457,2025-02-24T14:14:00+00:00,0,Paid social,0,0.0,New prospects
JOURNEY-0458,CUSTOMER-0458,2025-02-21T11:57:00+00:00,0,Email,0,0.0,Returning evaluators
JOURNEY-0458,CUSTOMER-0458,2025-02-21T21:26:00+00:00,1,Product page,0,0.0,Returning evaluators
JOURNEY-0458,CUSTOMER-0458,2025-02-21T21:36:00+00:00,2,Product page,0,0.0,Returning evaluators
JOURNEY-0459,CUSTOMER-0459,2025-02-16T13:28:00+00:00,0,Referral,0,0.0,Existing customers
JOURNEY-0459,CUSTOMER-0459,2025-02-16T19:42:00+00:00,1,Product page,0,0.0,Existing customers
JOURNEY-0459,CUSTOMER-0459,2025-02-16T19:58:00+00:00,2,Product page,0,0.0,Existing customers
JOURNEY-0459,CUSTOMER-0459,2025-02-17T06:18:00+00:00,3,Sales chat,0,0.0,Existing customers
JOURNEY-0459,CUSTOMER-0459,2025-02-17T15:46:00+00:00,4,Pricing page,0,0.0,Existing customers
JOURNEY-0459,CUSTOMER-0459,2025-02-17T23:12:00+00:00,5,Checkout,0,0.0,Existing customers
JOURNEY-0460,CUSTOMER-0460,2025-10-31T03:13:00+00:00,0,Organic search,0,0.0,New prospects
JOURNEY-0461,CUSTOMER-0461,2025-04-19T09:24:00+00:00,0,Product page,1,193.14,Returning evaluators
JOURNEY-0461,CUSTOMER-0461,2025-04-19T14:05:00+00:00,1,Sales chat,1,193.14,Returning evaluators
JOURNEY-0462,CUSTOMER-0462,2025-08-13T02:56:00+00:00,0,Email,1,186.47,Existing customers
JOURNEY-0462,CUSTOMER-0462,2025-08-13T15:07:00+00:00,1,Content article,1,186.47,Existing customers
JOURNEY-0462,CUSTOMER-0462,2025-08-13T15:25:00+00:00,2,Content article,1,186.47,Existing customers
JOURNEY-0462,CUSTOMER-0462,2025-08-14T01:42:00+00:00,3,Webinar,1,186.47,Existing customers
JOURNEY-0462,CUSTOMER-0462,2025-08-14T12:49:00+00:00,4,Email,1,186.47,Existing customers
JOURNEY-0462,CUSTOMER-0462,2025-08-15T03:57:00+00:00,5,Product page,1,186.47,Existing customers
JOURNEY-0462,CUSTOMER-0462,2025-08-15T07:54:00+00:00,6,Pricing page,1,186.47,Existing customers
JOURNEY-0462,CUSTOMER-0462,2025-08-16T06:24:00+00:00,7,Checkout,1,186.47,Existing customers
JOURNEY-0463,CUSTOMER-0463,2025-02-09T11:57:00+00:00,0,Paid social,1,443.0,New prospects
JOURNEY-0463,CUSTOMER-0463,2025-02-10T07:09:00+00:00,1,Product page,1,443.0,New prospects
JOURNEY-0463,CUSTOMER-0463,2025-02-10T19:01:00+00:00,2,Sales chat,1,443.0,New prospects
JOURNEY-0463,CUSTOMER-0463,2025-02-10T19:09:00+00:00,3,Sales chat,1,443.0,New prospects
JOURNEY-0463,CUSTOMER-0463,2025-02-10T22:22:00+00:00,4,Checkout,1,443.0,New prospects
JOURNEY-0463,CUSTOMER-0463,2025-02-10T22:42:00+00:00,5,Checkout,1,443.0,New prospects
JOURNEY-0464,CUSTOMER-0464,2025-04-12T09:18:00+00:00,0,Organic search,0,0.0,Returning evaluators
JOURNEY-0465,CUSTOMER-0465,2025-05-25T12:38:00+00:00,0,Email,0,0.0,Existing customers
JOURNEY-0465,CUSTOMER-0465,2025-05-26T05:59:00+00:00,1,Webinar,0,0.0,Existing customers
JOURNEY-0465,CUSTOMER-0465,2025-05-26T10:18:00+00:00,2,Pricing page,0,0.0,Existing customers
JOURNEY-0466,CUSTOMER-0466,2025-04-19T02:11:00+00:00,0,Organic search,0,0.0,New prospects
JOURNEY-0466,CUSTOMER-0466,2025-04-19T15:26:00+00:00,1,Content article,0,0.0,New prospects
JOURNEY-0467,CUSTOMER-0467,2025-06-30T18:29:00+00:00,0,Product page,0,0.0,Returning evaluators
JOURNEY-0467,CUSTOMER-0467,2025-06-30T19:39:00+00:00,1,Pricing page,0,0.0,Returning evaluators
JOURNEY-0467,CUSTOMER-0467,2025-06-30T23:17:00+00:00,2,Checkout,0,0.0,Returning evaluators
JOURNEY-0468,CUSTOMER-0468,2025-03-31T21:12:00+00:00,0,Email,0,0.0,Existing customers
JOURNEY-0469,CUSTOMER-0469,2025-02-23T15:10:00+00:00,0,Paid social,0,0.0,New prospects
JOURNEY-0470,CUSTOMER-0470,2025-11-11T10:50:00+00:00,0,Product page,1,317.89,Returning evaluators
JOURNEY-0470,CUSTOMER-0470,2025-11-12T01:27:00+00:00,1,Pricing page,1,317.89,Returning evaluators
JOURNEY-0471,CUSTOMER-0471,2025-07-29T01:51:00+00:00,0,Email,0,0.0,Existing customers
JOURNEY-0471,CUSTOMER-0471,2025-07-29T06:38:00+00:00,1,Pricing page,0,0.0,Existing customers
JOURNEY-0472,CUSTOMER-0472,2025-08-13T11:41:00+00:00,0,Paid social,1,154.22,New prospects
JOURNEY-0472,CUSTOMER-0472,2025-08-13T14:56:00+00:00,1,Content article,1,154.22,New prospects
JOURNEY-0472,CUSTOMER-0472,2025-08-14T09:54:00+00:00,2,Product page,1,154.22,New prospects
JOURNEY-0472,CUSTOMER-0472,2025-08-14T20:38:00+00:00,3,Checkout,1,154.22,New prospects
JOURNEY-0473,CUSTOMER-0473,2025-01-21T08:49:00+00:00,0,Comparison tool,0,0.0,Returning evaluators
JOURNEY-0474,CUSTOMER-0474,2025-01-06T13:11:00+00:00,0,Email,1,177.28,Existing customers
JOURNEY-0474,CUSTOMER-0474,2025-01-07T02:59:00+00:00,1,Content article,1,177.28,Existing customers
JOURNEY-0474,CUSTOMER-0474,2025-01-07T11:53:00+00:00,2,Product page,1,177.28,Existing customers
JOURNEY-0474,CUSTOMER-0474,2025-01-07T17:29:00+00:00,3,Comparison tool,1,177.28,Existing customers
JOURNEY-0474,CUSTOMER-0474,2025-01-08T06:11:00+00:00,4,Product page,1,177.28,Existing customers
JOURNEY-0474,CUSTOMER-0474,2025-01-08T19:12:00+00:00,5,Content article,1,177.28,Existing customers
JOURNEY-0474,CUSTOMER-0474,2025-01-09T14:07:00+00:00,6,Comparison tool,1,177.28,Existing customers
JOURNEY-0474,CUSTOMER-0474,2025-01-09T22:26:00+00:00,7,Pricing page,1,177.28,Existing customers
JOURNEY-0474,CUSTOMER-0474,2025-01-10T11:32:00+00:00,8,Checkout,1,177.28,Existing customers
JOURNEY-0475,CUSTOMER-0475,2025-02-26T18:31:00+00:00,0,Referral,0,0.0,New prospects
JOURNEY-0475,CUSTOMER-0475,2025-02-27T02:26:00+00:00,1,Content article,0,0.0,New prospects
JOURNEY-0475,CUSTOMER-0475,2025-02-27T16:19:00+00:00,2,Comparison tool,0,0.0,New prospects
JOURNEY-0476,CUSTOMER-0476,2025-03-15T09:42:00+00:00,0,Organic search,0,0.0,Returning evaluators
JOURNEY-0477,CUSTOMER-0477,2025-05-22T08:38:00+00:00,0,Email,0,0.0,Existing customers
JOURNEY-0477,CUSTOMER-0477,2025-05-23T03:22:00+00:00,1,Product page,0,0.0,Existing customers
JOURNEY-0478,CUSTOMER-0478,2025-05-20T03:37:00+00:00,0,Organic search,1,181.5,New prospects
JOURNEY-0478,CUSTOMER-0478,2025-05-20T13:04:00+00:00,1,Product page,1,181.5,New prospects
JOURNEY-0478,CUSTOMER-0478,2025-05-21T09:02:00+00:00,2,Sales chat,1,181.5,New prospects
JOURNEY-0478,CUSTOMER-0478,2025-05-21T22:00:00+00:00,3,Product page,1,181.5,New prospects
JOURNEY-0478,CUSTOMER-0478,2025-05-22T09:58:00+00:00,4,Checkout,1,181.5,New prospects
JOURNEY-0479,CUSTOMER-0479,2025-02-20T06:39:00+00:00,0,Organic search,0,0.0,Returning evaluators
JOURNEY-0479,CUSTOMER-0479,2025-02-20T14:34:00+00:00,1,Comparison tool,0,0.0,Returning evaluators
JOURNEY-0479,CUSTOMER-0479,2025-02-20T21:42:00+00:00,2,Product page,0,0.0,Returning evaluators
JOURNEY-0480,CUSTOMER-0480,2025-06-29T06:31:00+00:00,0,Webinar,1,202.71,Existing customers
JOURNEY-0481,CUSTOMER-0481,2025-05-05T05:31:00+00:00,0,Paid social,1,185.6,New prospects
JOURNEY-0481,CUSTOMER-0481,2025-05-05T05:46:00+00:00,1,Paid social,1,185.6,New prospects
JOURNEY-0481,CUSTOMER-0481,2025-05-06T02:21:00+00:00,2,Product page,1,185.6,New prospects
JOURNEY-0481,CUSTOMER-0481,2025-05-06T06:46:00+00:00,3,Pricing page,1,185.6,New prospects
JOURNEY-0481,CUSTOMER-0481,2025-05-07T09:47:00+00:00,4,Checkout,1,185.6,New prospects
JOURNEY-0482,CUSTOMER-0482,2025-06-19T11:14:00+00:00,0,Comparison tool,0,0.0,Returning evaluators
JOURNEY-0483,CUSTOMER-0483,2025-04-02T03:00:00+00:00,0,Webinar,0,0.0,Existing customers
JOURNEY-0483,CUSTOMER-0483,2025-04-02T23:51:00+00:00,1,Product page,0,0.0,Existing customers
JOURNEY-0484,CUSTOMER-0484,2025-01-13T13:47:00+00:00,0,Paid social,0,0.0,New prospects
JOURNEY-0484,CUSTOMER-0484,2025-01-13T16:15:00+00:00,1,Content article,0,0.0,New prospects
JOURNEY-0485,CUSTOMER-0485,2025-06-07T13:10:00+00:00,0,Organic search,1,301.19,Returning evaluators
JOURNEY-0485,CUSTOMER-0485,2025-06-07T23:41:00+00:00,1,Content article,1,301.19,Returning evaluators
JOURNEY-0485,CUSTOMER-0485,2025-06-08T17:41:00+00:00,2,Webinar,1,301.19,Returning evaluators
JOURNEY-0485,CUSTOMER-0485,2025-06-08T17:50:00+00:00,3,Webinar,1,301.19,Returning evaluators
JOURNEY-0485,CUSTOMER-0485,2025-06-09T06:00:00+00:00,4,Sales chat,1,301.19,Returning evaluators
JOURNEY-0485,CUSTOMER-0485,2025-06-09T20:17:00+00:00,5,Pricing page,1,301.19,Returning evaluators
JOURNEY-0485,CUSTOMER-0485,2025-06-10T23:56:00+00:00,6,Checkout,1,301.19,Returning evaluators
JOURNEY-0486,CUSTOMER-0486,2025-07-14T18:12:00+00:00,0,Referral,1,191.44,Existing customers
JOURNEY-0486,CUSTOMER-0486,2025-07-14T21:18:00+00:00,1,Pricing page,1,191.44,Existing customers
JOURNEY-0486,CUSTOMER-0486,2025-07-14T21:40:00+00:00,2,Pricing page,1,191.44,Existing customers
JOURNEY-0486,CUSTOMER-0486,2025-07-15T20:29:00+00:00,3,Checkout,1,191.44,Existing customers
JOURNEY-0487,CUSTOMER-0487,2025-02-17T06:52:00+00:00,0,Paid social,1,319.61,New prospects
JOURNEY-0487,CUSTOMER-0487,2025-02-17T07:01:00+00:00,1,Paid social,1,319.61,New prospects
JOURNEY-0487,CUSTOMER-0487,2025-02-17T12:22:00+00:00,2,Organic search,1,319.61,New prospects
JOURNEY-0487,CUSTOMER-0487,2025-02-18T02:29:00+00:00,3,Product page,1,319.61,New prospects
JOURNEY-0487,CUSTOMER-0487,2025-02-18T13:02:00+00:00,4,Sales chat,1,319.61,New prospects
JOURNEY-0487,CUSTOMER-0487,2025-02-19T01:41:00+00:00,5,Checkout,1,319.61,New prospects
JOURNEY-0488,CUSTOMER-0488,2025-09-16T11:25:00+00:00,0,Organic search,0,0.0,Returning evaluators
JOURNEY-0489,CUSTOMER-0489,2025-08-28T02:33:00+00:00,0,Organic search,1,383.8,Existing customers
JOURNEY-0489,CUSTOMER-0489,2025-08-28T09:59:00+00:00,1,Product page,1,383.8,Existing customers
JOURNEY-0489,CUSTOMER-0489,2025-08-29T14:51:00+00:00,2,Pricing page,1,383.8,Existing customers
JOURNEY-0489,CUSTOMER-0489,2025-08-29T20:39:00+00:00,3,Checkout,1,383.8,Existing customers
JOURNEY-0490,CUSTOMER-0490,2025-05-03T13:57:00+00:00,0,Organic search,0,0.0,New prospects
JOURNEY-0490,CUSTOMER-0490,2025-05-04T03:34:00+00:00,1,Content article,0,0.0,New prospects
JOURNEY-0491,CUSTOMER-0491,2025-10-17T12:12:00+00:00,0,Organic search,1,278.55,Returning evaluators
JOURNEY-0491,CUSTOMER-0491,2025-10-17T15:17:00+00:00,1,Product page,1,278.55,Returning evaluators
JOURNEY-0491,CUSTOMER-0491,2025-10-18T03:09:00+00:00,2,Checkout,1,278.55,Returning evaluators
JOURNEY-0492,CUSTOMER-0492,2025-08-22T11:39:00+00:00,0,Email,1,247.19,Existing customers
JOURNEY-0492,CUSTOMER-0492,2025-08-24T14:11:00+00:00,1,Product page,1,247.19,Existing customers
JOURNEY-0492,CUSTOMER-0492,2025-08-25T18:13:00+00:00,2,Comparison tool,1,247.19,Existing customers
JOURNEY-0492,CUSTOMER-0492,2025-08-26T03:12:00+00:00,3,Product page,1,247.19,Existing customers
JOURNEY-0492,CUSTOMER-0492,2025-08-26T03:28:00+00:00,4,Product page,1,247.19,Existing customers
JOURNEY-0492,CUSTOMER-0492,2025-08-26T05:29:00+00:00,5,Checkout,1,247.19,Existing customers
JOURNEY-0493,CUSTOMER-0493,2025-08-05T10:28:00+00:00,0,Organic search,1,237.54,New prospects
JOURNEY-0493,CUSTOMER-0493,2025-08-05T17:42:00+00:00,1,Product page,1,237.54,New prospects
JOURNEY-0493,CUSTOMER-0493,2025-08-06T03:07:00+00:00,2,Pricing page,1,237.54,New prospects
JOURNEY-0493,CUSTOMER-0493,2025-08-06T10:46:00+00:00,3,Sales chat,1,237.54,New prospects
JOURNEY-0494,CUSTOMER-0494,2025-04-11T23:52:00+00:00,0,Organic search,1,219.48,Returning evaluators
JOURNEY-0494,CUSTOMER-0494,2025-04-12T19:43:00+00:00,1,Comparison tool,1,219.48,Returning evaluators
JOURNEY-0494,CUSTOMER-0494,2025-04-13T12:02:00+00:00,2,Pricing page,1,219.48,Returning evaluators
JOURNEY-0494,CUSTOMER-0494,2025-04-13T23:32:00+00:00,3,Checkout,1,219.48,Returning evaluators
JOURNEY-0495,CUSTOMER-0495,2025-07-19T15:29:00+00:00,0,Product page,0,0.0,Existing customers
JOURNEY-0496,CUSTOMER-0496,2025-04-29T03:10:00+00:00,0,Organic search,1,288.77,New prospects
JOURNEY-0496,CUSTOMER-0496,2025-04-30T04:23:00+00:00,1,Product page,1,288.77,New prospects
JOURNEY-0496,CUSTOMER-0496,2025-04-30T08:50:00+00:00,2,Pricing page,1,288.77,New prospects
JOURNEY-0496,CUSTOMER-0496,2025-04-30T19:28:00+00:00,3,Checkout,1,288.77,New prospects
JOURNEY-0497,CUSTOMER-0497,2025-04-14T02:52:00+00:00,0,Email,0,0.0,Returning evaluators
JOURNEY-0497,CUSTOMER-0497,2025-04-15T09:43:00+00:00,1,Content article,0,0.0,Returning evaluators
JOURNEY-0497,CUSTOMER-0497,2025-04-15T09:55:00+00:00,2,Content article,0,0.0,Returning evaluators
JOURNEY-0497,CUSTOMER-0497,2025-04-15T18:46:00+00:00,3,Product page,0,0.0,Returning evaluators
JOURNEY-0497,CUSTOMER-0497,2025-04-15T22:07:00+00:00,4,Pricing page,0,0.0,Returning evaluators
JOURNEY-0497,CUSTOMER-0497,2025-04-16T06:32:00+00:00,5,Comparison tool,0,0.0,Returning evaluators
JOURNEY-0497,CUSTOMER-0497,2025-04-16T16:05:00+00:00,6,Pricing page,0,0.0,Returning evaluators
JOURNEY-0497,CUSTOMER-0497,2025-04-17T10:37:00+00:00,7,Checkout,0,0.0,Returning evaluators
JOURNEY-0498,CUSTOMER-0498,2025-07-19T06:20:00+00:00,0,Email,1,128.14,Existing customers
JOURNEY-0498,CUSTOMER-0498,2025-07-19T14:33:00+00:00,1,Content article,1,128.14,Existing customers
JOURNEY-0498,CUSTOMER-0498,2025-07-19T22:00:00+00:00,2,Product page,1,128.14,Existing customers
JOURNEY-0498,CUSTOMER-0498,2025-07-21T04:11:00+00:00,3,Checkout,1,128.14,Existing customers
JOURNEY-0499,CUSTOMER-0499,2025-03-13T15:43:00+00:00,0,Organic search,0,0.0,New prospects
JOURNEY-0499,CUSTOMER-0499,2025-03-14T01:48:00+00:00,1,Comparison tool,0,0.0,New prospects
JOURNEY-0500,CUSTOMER-0500,2025-11-01T12:18:00+00:00,0,Comparison tool,0,0.0,Returning evaluators
JOURNEY-0500,CUSTOMER-0500,2025-11-02T16:21:00+00:00,1,Pricing page,0,0.0,Returning evaluators
JOURNEY-0501,CUSTOMER-0501,2025-10-26T02:32:00+00:00,0,Organic search,1,133.15,Existing customers
JOURNEY-0501,CUSTOMER-0501,2025-10-26T17:10:00+00:00,1,Comparison tool,1,133.15,Existing customers
JOURNEY-0501,CUSTOMER-0501,2025-10-27T03:21:00+00:00,2,Checkout,1,133.15,Existing customers
JOURNEY-0501,CUSTOMER-0501,2025-10-27T03:45:00+00:00,3,Checkout,1,133.15,Existing customers
JOURNEY-0501,CUSTOMER-0501,2025-10-27T03:57:00+00:00,4,Pricing page,1,133.15,Existing customers
JOURNEY-0501,CUSTOMER-0501,2025-10-27T10:45:00+00:00,5,Checkout,1,133.15,Existing customers
JOURNEY-0502,CUSTOMER-0502,2025-08-09T05:13:00+00:00,0,Organic search,1,276.29,New prospects
JOURNEY-0502,CUSTOMER-0502,2025-08-09T07:01:00+00:00,1,Pricing page,1,276.29,New prospects
JOURNEY-0502,CUSTOMER-0502,2025-08-10T13:35:00+00:00,2,Checkout,1,276.29,New prospects
JOURNEY-0503,CUSTOMER-0503,2025-02-25T09:14:00+00:00,0,Referral,1,111.13,Returning evaluators
JOURNEY-0503,CUSTOMER-0503,2025-02-25T21:21:00+00:00,1,Content article,1,111.13,Returning evaluators
JOURNEY-0503,CUSTOMER-0503,2025-02-26T05:41:00+00:00,2,Webinar,1,111.13,Returning evaluators
JOURNEY-0503,CUSTOMER-0503,2025-02-26T16:31:00+00:00,3,Sales chat,1,111.13,Returning evaluators
JOURNEY-0503,CUSTOMER-0503,2025-02-27T03:59:00+00:00,4,Checkout,1,111.13,Returning evaluators
JOURNEY-0504,CUSTOMER-0504,2025-01-24T07:55:00+00:00,0,Referral,0,0.0,Existing customers
JOURNEY-0504,CUSTOMER-0504,2025-01-24T22:34:00+00:00,1,Product page,0,0.0,Existing customers
JOURNEY-0504,CUSTOMER-0504,2025-01-25T18:12:00+00:00,2,Comparison tool,0,0.0,Existing customers
JOURNEY-0504,CUSTOMER-0504,2025-01-28T02:34:00+00:00,3,Pricing page,0,0.0,Existing customers
JOURNEY-0505,CUSTOMER-0505,2025-04-14T08:04:00+00:00,0,Paid social,0,0.0,New prospects
JOURNEY-0506,CUSTOMER-0506,2025-10-18T02:59:00+00:00,0,Comparison tool,1,197.72,Returning evaluators
JOURNEY-0506,CUSTOMER-0506,2025-10-18T04:43:00+00:00,1,Product page,1,197.72,Returning evaluators
JOURNEY-0506,CUSTOMER-0506,2025-10-18T19:26:00+00:00,2,Checkout,1,197.72,Returning evaluators
JOURNEY-0507,CUSTOMER-0507,2025-07-25T12:16:00+00:00,0,Email,1,169.35,Existing customers
JOURNEY-0507,CUSTOMER-0507,2025-07-25T16:20:00+00:00,1,Webinar,1,169.35,Existing customers
JOURNEY-0507,CUSTOMER-0507,2025-07-26T06:43:00+00:00,2,Email,1,169.35,Existing customers
JOURNEY-0507,CUSTOMER-0507,2025-07-26T17:26:00+00:00,3,Product page,1,169.35,Existing customers
JOURNEY-0507,CUSTOMER-0507,2025-07-26T21:29:00+00:00,4,Comparison tool,1,169.35,Existing customers
JOURNEY-0507,CUSTOMER-0507,2025-07-27T11:41:00+00:00,5,Product page,1,169.35,Existing customers
JOURNEY-0507,CUSTOMER-0507,2025-07-28T17:32:00+00:00,6,Pricing page,1,169.35,Existing customers
JOURNEY-0507,CUSTOMER-0507,2025-07-28T23:50:00+00:00,7,Comparison tool,1,169.35,Existing customers
JOURNEY-0507,CUSTOMER-0507,2025-07-29T01:45:00+00:00,8,Sales chat,1,169.35,Existing customers
JOURNEY-0507,CUSTOMER-0507,2025-07-29T07:24:00+00:00,9,Checkout,1,169.35,Existing customers
JOURNEY-0508,CUSTOMER-0508,2025-05-19T03:47:00+00:00,0,Email,1,268.56,New prospects
JOURNEY-0508,CUSTOMER-0508,2025-05-19T03:49:00+00:00,1,Email,1,268.56,New prospects
JOURNEY-0508,CUSTOMER-0508,2025-05-19T15:39:00+00:00,2,Pricing page,1,268.56,New prospects
JOURNEY-0509,CUSTOMER-0509,2025-10-19T17:56:00+00:00,0,Email,0,0.0,Returning evaluators
JOURNEY-0510,CUSTOMER-0510,2025-05-13T10:02:00+00:00,0,Referral,1,194.58,Existing customers
JOURNEY-0510,CUSTOMER-0510,2025-05-13T12:34:00+00:00,1,Product page,1,194.58,Existing customers
JOURNEY-0510,CUSTOMER-0510,2025-05-13T23:27:00+00:00,2,Checkout,1,194.58,Existing customers
JOURNEY-0511,CUSTOMER-0511,2025-10-24T06:13:00+00:00,0,Paid social,1,269.28,New prospects
JOURNEY-0511,CUSTOMER-0511,2025-10-24T12:21:00+00:00,1,Organic search,1,269.28,New prospects
JOURNEY-0511,CUSTOMER-0511,2025-10-24T15:46:00+00:00,2,Product page,1,269.28,New prospects
JOURNEY-0511,CUSTOMER-0511,2025-10-25T02:47:00+00:00,3,Comparison tool,1,269.28,New prospects
JOURNEY-0511,CUSTOMER-0511,2025-10-26T09:06:00+00:00,4,Sales chat,1,269.28,New prospects
JOURNEY-0511,CUSTOMER-0511,2025-10-27T00:00:00+00:00,5,Checkout,1,269.28,New prospects
JOURNEY-0512,CUSTOMER-0512,2025-08-06T14:34:00+00:00,0,Organic search,0,0.0,Returning evaluators
JOURNEY-0513,CUSTOMER-0513,2025-09-01T15:12:00+00:00,0,Email,0,0.0,Existing customers
JOURNEY-0513,CUSTOMER-0513,2025-09-02T05:28:00+00:00,1,Webinar,0,0.0,Existing customers
JOURNEY-0513,CUSTOMER-0513,2025-09-02T14:42:00+00:00,2,Email,0,0.0,Existing customers
JOURNEY-0514,CUSTOMER-0514,2025-02-01T13:51:00+00:00,0,Organic search,0,0.0,New prospects
JOURNEY-0514,CUSTOMER-0514,2025-02-02T01:38:00+00:00,1,Comparison tool,0,0.0,New prospects
JOURNEY-0514,CUSTOMER-0514,2025-02-02T19:42:00+00:00,2,Pricing page,0,0.0,New prospects
JOURNEY-0515,CUSTOMER-0515,2025-01-03T09:43:00+00:00,0,Email,0,0.0,Returning evaluators
JOURNEY-0515,CUSTOMER-0515,2025-01-03T21:33:00+00:00,1,Content article,0,0.0,Returning evaluators
JOURNEY-0515,CUSTOMER-0515,2025-01-04T04:17:00+00:00,2,Webinar,0,0.0,Returning evaluators
JOURNEY-0515,CUSTOMER-0515,2025-01-04T09:42:00+00:00,3,Product page,0,0.0,Returning evaluators
JOURNEY-0515,CUSTOMER-0515,2025-01-04T21:20:00+00:00,4,Comparison tool,0,0.0,Returning evaluators
JOURNEY-0515,CUSTOMER-0515,2025-01-05T05:00:00+00:00,5,Product page,0,0.0,Returning evaluators
JOURNEY-0515,CUSTOMER-0515,2025-01-06T11:33:00+00:00,6,Content article,0,0.0,Returning evaluators
JOURNEY-0515,CUSTOMER-0515,2025-01-07T01:07:00+00:00,7,Email,0,0.0,Returning evaluators
JOURNEY-0515,CUSTOMER-0515,2025-01-07T09:12:00+00:00,8,Content article,0,0.0,Returning evaluators
JOURNEY-0515,CUSTOMER-0515,2025-01-08T12:03:00+00:00,9,Comparison tool,0,0.0,Returning evaluators
JOURNEY-0515,CUSTOMER-0515,2025-01-08T14:55:00+00:00,10,Product page,0,0.0,Returning evaluators
JOURNEY-0516,CUSTOMER-0516,2025-01-11T07:28:00+00:00,0,Webinar,1,280.52,Existing customers
JOURNEY-0516,CUSTOMER-0516,2025-01-11T08:39:00+00:00,1,Sales chat,1,280.52,Existing customers
JOURNEY-0516,CUSTOMER-0516,2025-01-11T11:02:00+00:00,2,Checkout,1,280.52,Existing customers
JOURNEY-0517,CUSTOMER-0517,2025-03-11T10:59:00+00:00,0,Referral,0,0.0,New prospects
JOURNEY-0517,CUSTOMER-0517,2025-03-11T17:17:00+00:00,1,Content article,0,0.0,New prospects
JOURNEY-0517,CUSTOMER-0517,2025-03-11T20:49:00+00:00,2,Email,0,0.0,New prospects
JOURNEY-0517,CUSTOMER-0517,2025-03-12T02:25:00+00:00,3,Content article,0,0.0,New prospects
JOURNEY-0517,CUSTOMER-0517,2025-03-13T07:35:00+00:00,4,Email,0,0.0,New prospects
JOURNEY-0518,CUSTOMER-0518,2025-08-11T06:37:00+00:00,0,Email,1,168.27,Returning evaluators
JOURNEY-0518,CUSTOMER-0518,2025-08-11T10:16:00+00:00,1,Product page,1,168.27,Returning evaluators
JOURNEY-0518,CUSTOMER-0518,2025-08-11T16:14:00+00:00,2,Comparison tool,1,168.27,Returning evaluators
JOURNEY-0518,CUSTOMER-0518,2025-08-12T03:42:00+00:00,3,Pricing page,1,168.27,Returning evaluators
JOURNEY-0518,CUSTOMER-0518,2025-08-12T08:03:00+00:00,4,Sales chat,1,168.27,Returning evaluators
JOURNEY-0518,CUSTOMER-0518,2025-08-13T02:32:00+00:00,5,Product page,1,168.27,Returning evaluators
JOURNEY-0518,CUSTOMER-0518,2025-08-13T07:04:00+00:00,6,Checkout,1,168.27,Returning evaluators
JOURNEY-0519,CUSTOMER-0519,2025-07-15T09:07:00+00:00,0,Product page,0,0.0,Existing customers
JOURNEY-0520,CUSTOMER-0520,2025-08-26T12:38:00+00:00,0,Email,1,271.77,New prospects
JOURNEY-0520,CUSTOMER-0520,2025-08-26T12:58:00+00:00,1,Email,1,271.77,New prospects
JOURNEY-0520,CUSTOMER-0520,2025-08-26T23:52:00+00:00,2,Product page,1,271.77,New prospects
JOURNEY-0520,CUSTOMER-0520,2025-08-27T23:08:00+00:00,3,Pricing page,1,271.77,New prospects
JOURNEY-0520,CUSTOMER-0520,2025-08-27T23:30:00+00:00,4,Pricing page,1,271.77,New prospects
JOURNEY-0520,CUSTOMER-0520,2025-08-28T20:47:00+00:00,5,Checkout,1,271.77,New prospects
JOURNEY-0521,CUSTOMER-0101,2025-03-20T06:12:00+00:00,0,Organic search,1,211.86,Returning evaluators
JOURNEY-0521,CUSTOMER-0101,2025-03-20T09:05:00+00:00,1,Content article,1,211.86,Returning evaluators
JOURNEY-0521,CUSTOMER-0101,2025-03-20T19:03:00+00:00,2,Comparison tool,1,211.86,Returning evaluators
JOURNEY-0521,CUSTOMER-0101,2025-03-21T06:09:00+00:00,3,Product page,1,211.86,Returning evaluators
JOURNEY-0521,CUSTOMER-0101,2025-03-21T17:35:00+00:00,4,Sales chat,1,211.86,Returning evaluators
JOURNEY-0521,CUSTOMER-0101,2025-03-22T02:56:00+00:00,5,Checkout,1,211.86,Returning evaluators
JOURNEY-0522,CUSTOMER-0102,2025-06-26T04:26:00+00:00,0,Webinar,1,270.41,Existing customers
JOURNEY-0522,CUSTOMER-0102,2025-06-27T11:21:00+00:00,1,Sales chat,1,270.41,Existing customers
JOURNEY-0522,CUSTOMER-0102,2025-06-27T22:20:00+00:00,2,Pricing page,1,270.41,Existing customers
JOURNEY-0522,CUSTOMER-0102,2025-06-30T02:36:00+00:00,3,Checkout,1,270.41,Existing customers
JOURNEY-0523,CUSTOMER-0103,2025-09-12T14:20:00+00:00,0,Paid social,0,0.0,New prospects
JOURNEY-0523,CUSTOMER-0103,2025-09-13T11:53:00+00:00,1,Content article,0,0.0,New prospects
JOURNEY-0524,CUSTOMER-0104,2025-11-22T01:26:00+00:00,0,Email,0,0.0,Returning evaluators
JOURNEY-0524,CUSTOMER-0104,2025-11-22T01:49:00+00:00,1,Email,0,0.0,Returning evaluators
JOURNEY-0524,CUSTOMER-0104,2025-11-22T07:59:00+00:00,2,Pricing page,0,0.0,Returning evaluators
JOURNEY-0524,CUSTOMER-0104,2025-11-22T17:33:00+00:00,3,Checkout,0,0.0,Returning evaluators
JOURNEY-0524,CUSTOMER-0104,2025-11-22T22:49:00+00:00,4,Sales chat,0,0.0,Returning evaluators
JOURNEY-0524,CUSTOMER-0104,2025-11-22T23:12:00+00:00,5,Sales chat,0,0.0,Returning evaluators
JOURNEY-0524,CUSTOMER-0104,2025-11-24T00:02:00+00:00,6,Product page,0,0.0,Returning evaluators
JOURNEY-0524,CUSTOMER-0104,2025-11-24T03:59:00+00:00,7,Pricing page,0,0.0,Returning evaluators
JOURNEY-0524,CUSTOMER-0104,2025-11-24T13:44:00+00:00,8,Comparison tool,0,0.0,Returning evaluators
JOURNEY-0524,CUSTOMER-0104,2025-11-24T17:13:00+00:00,9,Sales chat,0,0.0,Returning evaluators
JOURNEY-0524,CUSTOMER-0104,2025-11-24T17:28:00+00:00,10,Sales chat,0,0.0,Returning evaluators
JOURNEY-0525,CUSTOMER-0105,2025-03-18T02:23:00+00:00,0,Referral,0,0.0,Existing customers
JOURNEY-0525,CUSTOMER-0105,2025-03-18T15:27:00+00:00,1,Product page,0,0.0,Existing customers
JOURNEY-0525,CUSTOMER-0105,2025-03-18T23:23:00+00:00,2,Pricing page,0,0.0,Existing customers
JOURNEY-0525,CUSTOMER-0105,2025-03-19T19:42:00+00:00,3,Checkout,0,0.0,Existing customers
JOURNEY-0525,CUSTOMER-0105,2025-03-20T01:19:00+00:00,4,Pricing page,0,0.0,Existing customers
JOURNEY-0525,CUSTOMER-0105,2025-03-20T03:20:00+00:00,5,Sales chat,0,0.0,Existing customers
JOURNEY-0525,CUSTOMER-0105,2025-03-20T15:44:00+00:00,6,Product page,0,0.0,Existing customers
JOURNEY-0525,CUSTOMER-0105,2025-03-22T01:23:00+00:00,7,Pricing page,0,0.0,Existing customers
JOURNEY-0526,CUSTOMER-0106,2025-06-18T04:04:00+00:00,0,Organic search,0,0.0,New prospects
JOURNEY-0526,CUSTOMER-0106,2025-06-18T09:25:00+00:00,1,Content article,0,0.0,New prospects
JOURNEY-0526,CUSTOMER-0106,2025-06-18T16:47:00+00:00,2,Webinar,0,0.0,New prospects
JOURNEY-0526,CUSTOMER-0106,2025-06-19T11:38:00+00:00,3,Sales chat,0,0.0,New prospects
JOURNEY-0526,CUSTOMER-0106,2025-06-20T00:18:00+00:00,4,Checkout,0,0.0,New prospects
JOURNEY-0527,CUSTOMER-0107,2025-08-11T14:48:00+00:00,0,Email,0,0.0,Returning evaluators
JOURNEY-0528,CUSTOMER-0108,2025-01-21T09:38:00+00:00,0,Email,1,125.12,Existing customers
JOURNEY-0528,CUSTOMER-0108,2025-01-22T09:45:00+00:00,1,Webinar,1,125.12,Existing customers
JOURNEY-0528,CUSTOMER-0108,2025-01-22T10:09:00+00:00,2,Webinar,1,125.12,Existing customers
JOURNEY-0528,CUSTOMER-0108,2025-01-23T21:27:00+00:00,3,Sales chat,1,125.12,Existing customers
JOURNEY-0529,CUSTOMER-0109,2025-01-31T07:58:00+00:00,0,Email,1,470.92,New prospects
JOURNEY-0529,CUSTOMER-0109,2025-02-01T03:16:00+00:00,1,Product page,1,470.92,New prospects
JOURNEY-0529,CUSTOMER-0109,2025-02-01T15:01:00+00:00,2,Pricing page,1,470.92,New prospects
JOURNEY-0529,CUSTOMER-0109,2025-02-02T04:55:00+00:00,3,Checkout,1,470.92,New prospects
JOURNEY-0530,CUSTOMER-0110,2025-11-18T20:31:00+00:00,0,Product page,0,0.0,Returning evaluators
JOURNEY-0530,CUSTOMER-0110,2025-11-19T15:51:00+00:00,1,Pricing page,0,0.0,Returning evaluators
JOURNEY-0531,CUSTOMER-0111,2025-08-07T13:01:00+00:00,0,Product page,0,0.0,Existing customers
JOURNEY-0532,CUSTOMER-0112,2025-10-24T13:04:00+00:00,0,Paid social,1,243.65,New prospects
JOURNEY-0532,CUSTOMER-0112,2025-10-24T23:43:00+00:00,1,Product page,1,243.65,New prospects
JOURNEY-0532,CUSTOMER-0112,2025-10-25T04:10:00+00:00,2,Comparison tool,1,243.65,New prospects
JOURNEY-0532,CUSTOMER-0112,2025-10-25T04:30:00+00:00,3,Comparison tool,1,243.65,New prospects
JOURNEY-0532,CUSTOMER-0112,2025-10-25T11:13:00+00:00,4,Pricing page,1,243.65,New prospects
JOURNEY-0533,CUSTOMER-0113,2025-08-04T01:36:00+00:00,0,Comparison tool,0,0.0,Returning evaluators
JOURNEY-0533,CUSTOMER-0113,2025-08-04T23:25:00+00:00,1,Pricing page,0,0.0,Returning evaluators
JOURNEY-0533,CUSTOMER-0113,2025-08-05T08:22:00+00:00,2,Checkout,0,0.0,Returning evaluators
JOURNEY-0534,CUSTOMER-0114,2025-02-01T07:13:00+00:00,0,Organic search,1,176.02,Existing customers
JOURNEY-0534,CUSTOMER-0114,2025-02-01T12:20:00+00:00,1,Comparison tool,1,176.02,Existing customers
JOURNEY-0534,CUSTOMER-0114,2025-02-02T00:33:00+00:00,2,Pricing page,1,176.02,Existing customers
JOURNEY-0534,CUSTOMER-0114,2025-02-02T22:17:00+00:00,3,Checkout,1,176.02,Existing customers
JOURNEY-0535,CUSTOMER-0115,2025-10-22T07:40:00+00:00,0,Paid social,0,0.0,New prospects
JOURNEY-0535,CUSTOMER-0115,2025-10-22T16:04:00+00:00,1,Product page,0,0.0,New prospects
JOURNEY-0535,CUSTOMER-0115,2025-10-22T16:21:00+00:00,2,Product page,0,0.0,New prospects
JOURNEY-0536,CUSTOMER-0116,2025-02-27T18:42:00+00:00,0,Product page,0,0.0,Returning evaluators
JOURNEY-0536,CUSTOMER-0116,2025-02-28T07:39:00+00:00,1,Content article,0,0.0,Returning evaluators
JOURNEY-0536,CUSTOMER-0116,2025-02-28T11:35:00+00:00,2,Product page,0,0.0,Returning evaluators
JOURNEY-0537,CUSTOMER-0117,2025-10-30T11:22:00+00:00,0,Product page,1,246.88,Existing customers
JOURNEY-0537,CUSTOMER-0117,2025-10-31T06:51:00+00:00,1,Comparison tool,1,246.88,Existing customers
JOURNEY-0537,CUSTOMER-0117,2025-10-31T17:53:00+00:00,2,Checkout,1,246.88,Existing customers
JOURNEY-0538,CUSTOMER-0118,2025-04-19T01:28:00+00:00,0,Paid social,0,0.0,New prospects
JOURNEY-0538,CUSTOMER-0118,2025-04-19T07:02:00+00:00,1,Content article,0,0.0,New prospects
JOURNEY-0538,CUSTOMER-0118,2025-04-21T08:33:00+00:00,2,Comparison tool,0,0.0,New prospects
JOURNEY-0538,CUSTOMER-0118,2025-04-22T13:07:00+00:00,3,Checkout,0,0.0,New prospects
JOURNEY-0538,CUSTOMER-0118,2025-04-23T03:41:00+00:00,4,Sales chat,0,0.0,New prospects
JOURNEY-0538,CUSTOMER-0118,2025-04-23T13:59:00+00:00,5,Checkout,0,0.0,New prospects
JOURNEY-0539,CUSTOMER-0119,2025-09-17T06:12:00+00:00,0,Product page,1,106.09,Returning evaluators
JOURNEY-0539,CUSTOMER-0119,2025-09-17T13:03:00+00:00,1,Checkout,1,106.09,Returning evaluators
JOURNEY-0539,CUSTOMER-0119,2025-09-17T13:13:00+00:00,2,Checkout,1,106.09,Returning evaluators
JOURNEY-0540,CUSTOMER-0120,2025-09-05T11:36:00+00:00,0,Product page,1,177.28,Existing customers
JOURNEY-0540,CUSTOMER-0120,2025-09-05T11:43:00+00:00,1,Product page,1,177.28,Existing customers
JOURNEY-0540,CUSTOMER-0120,2025-09-07T03:12:00+00:00,2,Pricing page,1,177.28,Existing customers
JOURNEY-0540,CUSTOMER-0120,2025-09-07T14:24:00+00:00,3,Checkout,1,177.28,Existing customers
JOURNEY-0541,CUSTOMER-0121,2025-11-24T02:07:00+00:00,0,Paid social,0,0.0,New prospects
JOURNEY-0541,CUSTOMER-0121,2025-11-24T15:42:00+00:00,1,Organic search,0,0.0,New prospects
JOURNEY-0541,CUSTOMER-0121,2025-11-25T02:06:00+00:00,2,Product page,0,0.0,New prospects
JOURNEY-0541,CUSTOMER-0121,2025-11-25T04:24:00+00:00,3,Comparison tool,0,0.0,New prospects
JOURNEY-0541,CUSTOMER-0121,2025-11-25T09:23:00+00:00,4,Sales chat,0,0.0,New prospects
JOURNEY-0541,CUSTOMER-0121,2025-11-25T13:55:00+00:00,5,Checkout,0,0.0,New prospects
JOURNEY-0541,CUSTOMER-0121,2025-11-26T15:25:00+00:00,6,Pricing page,0,0.0,New prospects
JOURNEY-0541,CUSTOMER-0121,2025-11-26T18:32:00+00:00,7,Sales chat,0,0.0,New prospects
JOURNEY-0542,CUSTOMER-0122,2025-09-20T05:41:00+00:00,0,Comparison tool,0,0.0,Returning evaluators
JOURNEY-0542,CUSTOMER-0122,2025-09-20T14:34:00+00:00,1,Sales chat,0,0.0,Returning evaluators
JOURNEY-0543,CUSTOMER-0123,2025-11-05T14:52:00+00:00,0,Product page,1,230.8,Existing customers
JOURNEY-0543,CUSTOMER-0123,2025-11-06T03:15:00+00:00,1,Pricing page,1,230.8,Existing customers
JOURNEY-0543,CUSTOMER-0123,2025-11-06T09:01:00+00:00,2,Checkout,1,230.8,Existing customers
JOURNEY-0543,CUSTOMER-0123,2025-11-06T09:03:00+00:00,3,Checkout,1,230.8,Existing customers
JOURNEY-0544,CUSTOMER-0124,2025-01-23T15:58:00+00:00,0,Content article,1,280.84,New prospects
JOURNEY-0544,CUSTOMER-0124,2025-01-24T02:12:00+00:00,1,Product page,1,280.84,New prospects
JOURNEY-0544,CUSTOMER-0124,2025-01-24T11:14:00+00:00,2,Pricing page,1,280.84,New prospects
JOURNEY-0544,CUSTOMER-0124,2025-01-25T21:48:00+00:00,3,Checkout,1,280.84,New prospects
JOURNEY-0544,CUSTOMER-0124,2025-01-25T21:59:00+00:00,4,Checkout,1,280.84,New prospects
JOURNEY-0545,CUSTOMER-0125,2025-07-28T08:38:00+00:00,0,Organic search,0,0.0,Returning evaluators
JOURNEY-0546,CUSTOMER-0126,2025-05-27T09:19:00+00:00,0,Referral,0,0.0,Existing customers
JOURNEY-0546,CUSTOMER-0126,2025-05-27T21:17:00+00:00,1,Product page,0,0.0,Existing customers
JOURNEY-0546,CUSTOMER-0126,2025-05-28T10:01:00+00:00,2,Checkout,0,0.0,Existing customers
JOURNEY-0547,CUSTOMER-0127,2025-07-25T09:26:00+00:00,0,Referral,0,0.0,New prospects
JOURNEY-0547,CUSTOMER-0127,2025-07-25T09:49:00+00:00,1,Referral,0,0.0,New prospects
JOURNEY-0548,CUSTOMER-0128,2025-04-14T03:14:00+00:00,0,Product page,1,248.09,Returning evaluators
JOURNEY-0548,CUSTOMER-0128,2025-04-14T03:23:00+00:00,1,Product page,1,248.09,Returning evaluators
JOURNEY-0548,CUSTOMER-0128,2025-04-15T06:18:00+00:00,2,Pricing page,1,248.09,Returning evaluators
JOURNEY-0548,CUSTOMER-0128,2025-04-15T17:15:00+00:00,3,Sales chat,1,248.09,Returning evaluators
JOURNEY-0548,CUSTOMER-0128,2025-04-16T03:18:00+00:00,4,Checkout,1,248.09,Returning evaluators
JOURNEY-0549,CUSTOMER-0129,2025-05-10T06:15:00+00:00,0,Webinar,0,0.0,Existing customers
JOURNEY-0549,CUSTOMER-0129,2025-05-10T18:47:00+00:00,1,Sales chat,0,0.0,Existing customers
JOURNEY-0549,CUSTOMER-0129,2025-05-11T12:24:00+00:00,2,Checkout,0,0.0,Existing customers
JOURNEY-0550,CUSTOMER-0130,2025-03-15T01:13:00+00:00,0,Organic search,1,111.09,New prospects
JOURNEY-0550,CUSTOMER-0130,2025-03-16T00:27:00+00:00,1,Product page,1,111.09,New prospects
JOURNEY-0550,CUSTOMER-0130,2025-03-16T05:45:00+00:00,2,Pricing page,1,111.09,New prospects
JOURNEY-0550,CUSTOMER-0130,2025-03-16T19:40:00+00:00,3,Comparison tool,1,111.09,New prospects
JOURNEY-0550,CUSTOMER-0130,2025-03-17T10:33:00+00:00,4,Pricing page,1,111.09,New prospects
JOURNEY-0550,CUSTOMER-0130,2025-03-17T14:48:00+00:00,5,Checkout,1,111.09,New prospects
JOURNEY-0550,CUSTOMER-0130,2025-03-17T14:52:00+00:00,6,Checkout,1,111.09,New prospects
JOURNEY-0551,CUSTOMER-0131,2025-11-23T20:24:00+00:00,0,Organic search,0,0.0,Returning evaluators
JOURNEY-0551,CUSTOMER-0131,2025-11-24T22:51:00+00:00,1,Product page,0,0.0,Returning evaluators
JOURNEY-0551,CUSTOMER-0131,2025-11-25T12:52:00+00:00,2,Pricing page,0,0.0,Returning evaluators
JOURNEY-0552,CUSTOMER-0132,2025-07-12T02:31:00+00:00,0,Organic search,1,353.6,Existing customers
JOURNEY-0552,CUSTOMER-0132,2025-07-12T16:49:00+00:00,1,Content article,1,353.6,Existing customers
JOURNEY-0552,CUSTOMER-0132,2025-07-12T22:24:00+00:00,2,Comparison tool,1,353.6,Existing customers
JOURNEY-0552,CUSTOMER-0132,2025-07-14T21:35:00+00:00,3,Sales chat,1,353.6,Existing customers
JOURNEY-0552,CUSTOMER-0132,2025-07-15T17:01:00+00:00,4,Pricing page,1,353.6,Existing customers
JOURNEY-0552,CUSTOMER-0132,2025-07-16T00:25:00+00:00,5,Checkout,1,353.6,Existing customers
JOURNEY-0553,CUSTOMER-0133,2025-11-09T18:21:00+00:00,0,Organic search,1,458.03,New prospects
JOURNEY-0553,CUSTOMER-0133,2025-11-10T13:12:00+00:00,1,Content article,1,458.03,New prospects
JOURNEY-0553,CUSTOMER-0133,2025-11-10T20:59:00+00:00,2,Email,1,458.03,New prospects
JOURNEY-0553,CUSTOMER-0133,2025-11-10T21:28:00+00:00,3,Product page,1,458.03,New prospects
JOURNEY-0553,CUSTOMER-0133,2025-11-12T00:03:00+00:00,4,Pricing page,1,458.03,New prospects
JOURNEY-0553,CUSTOMER-0133,2025-11-12T01:05:00+00:00,5,Sales chat,1,458.03,New prospects
JOURNEY-0553,CUSTOMER-0133,2025-11-12T05:19:00+00:00,6,Pricing page,1,458.03,New prospects
JOURNEY-0553,CUSTOMER-0133,2025-11-12T15:29:00+00:00,7,Checkout,1,458.03,New prospects
JOURNEY-0554,CUSTOMER-0134,2025-06-06T19:21:00+00:00,0,Email,0,0.0,Returning evaluators
JOURNEY-0554,CUSTOMER-0134,2025-06-06T19:33:00+00:00,1,Email,0,0.0,Returning evaluators
JOURNEY-0554,CUSTOMER-0134,2025-06-07T00:05:00+00:00,2,Product page,0,0.0,Returning evaluators
JOURNEY-0555,CUSTOMER-0135,2025-05-14T23:46:00+00:00,0,Referral,0,0.0,Existing customers
JOURNEY-0555,CUSTOMER-0135,2025-05-15T11:24:00+00:00,1,Product page,0,0.0,Existing customers
JOURNEY-0556,CUSTOMER-0136,2025-01-04T14:02:00+00:00,0,Referral,0,0.0,New prospects
JOURNEY-0556,CUSTOMER-0136,2025-01-04T22:01:00+00:00,1,Product page,0,0.0,New prospects
JOURNEY-0556,CUSTOMER-0136,2025-01-05T00:35:00+00:00,2,Sales chat,0,0.0,New prospects
JOURNEY-0556,CUSTOMER-0136,2025-01-05T06:32:00+00:00,3,Product page,0,0.0,New prospects
JOURNEY-0556,CUSTOMER-0136,2025-01-05T06:44:00+00:00,4,Product page,0,0.0,New prospects
JOURNEY-0557,CUSTOMER-0137,2025-09-12T14:04:00+00:00,0,Organic search,0,0.0,Returning evaluators
JOURNEY-0557,CUSTOMER-0137,2025-09-12T21:47:00+00:00,1,Comparison tool,0,0.0,Returning evaluators
JOURNEY-0558,CUSTOMER-0138,2025-09-19T07:53:00+00:00,0,Webinar,0,0.0,Existing customers
JOURNEY-0558,CUSTOMER-0138,2025-09-19T08:05:00+00:00,1,Webinar,0,0.0,Existing customers
JOURNEY-0559,CUSTOMER-0139,2025-06-26T07:21:00+00:00,0,Organic search,0,0.0,New prospects
JOURNEY-0560,CUSTOMER-0140,2025-08-02T08:36:00+00:00,0,Email,0,0.0,Returning evaluators
JOURNEY-0561,CUSTOMER-0141,2025-06-17T19:20:00+00:00,0,Email,1,285.38,Existing customers
JOURNEY-0561,CUSTOMER-0141,2025-06-18T09:18:00+00:00,1,Product page,1,285.38,Existing customers
JOURNEY-0561,CUSTOMER-0141,2025-06-18T09:26:00+00:00,2,Product page,1,285.38,Existing customers
JOURNEY-0561,CUSTOMER-0141,2025-06-18T09:58:00+00:00,3,Sales chat,1,285.38,Existing customers
JOURNEY-0561,CUSTOMER-0141,2025-06-18T14:53:00+00:00,4,Checkout,1,285.38,Existing customers
JOURNEY-0562,CUSTOMER-0142,2025-03-22T05:50:00+00:00,0,Organic search,0,0.0,New prospects
JOURNEY-0562,CUSTOMER-0142,2025-03-22T09:26:00+00:00,1,Content article,0,0.0,New prospects
JOURNEY-0562,CUSTOMER-0142,2025-03-22T22:29:00+00:00,2,Comparison tool,0,0.0,New prospects
JOURNEY-0562,CUSTOMER-0142,2025-03-23T16:21:00+00:00,3,Checkout,0,0.0,New prospects
JOURNEY-0563,CUSTOMER-0143,2025-04-13T18:01:00+00:00,0,Email,0,0.0,Returning evaluators
JOURNEY-0563,CUSTOMER-0143,2025-04-13T18:03:00+00:00,1,Email,0,0.0,Returning evaluators
JOURNEY-0563,CUSTOMER-0143,2025-04-14T10:24:00+00:00,2,Pricing page,0,0.0,Returning evaluators
JOURNEY-0564,CUSTOMER-0144,2025-09-11T08:44:00+00:00,0,Referral,0,0.0,Existing customers
JOURNEY-0564,CUSTOMER-0144,2025-09-11T12:40:00+00:00,1,Pricing page,0,0.0,Existing customers
JOURNEY-0565,CUSTOMER-0145,2025-06-10T21:41:00+00:00,0,Organic search,0,0.0,New prospects
JOURNEY-0566,CUSTOMER-0146,2025-05-28T05:22:00+00:00,0,Comparison tool,0,0.0,Returning evaluators
JOURNEY-0566,CUSTOMER-0146,2025-05-28T17:02:00+00:00,1,Sales chat,0,0.0,Returning evaluators
JOURNEY-0566,CUSTOMER-0146,2025-05-28T23:00:00+00:00,2,Product page,0,0.0,Returning evaluators
JOURNEY-0567,CUSTOMER-0147,2025-05-23T03:26:00+00:00,0,Email,0,0.0,Existing customers
JOURNEY-0567,CUSTOMER-0147,2025-05-24T06:13:00+00:00,1,Webinar,0,0.0,Existing customers
JOURNEY-0568,CUSTOMER-0148,2025-06-29T14:18:00+00:00,0,Organic search,0,0.0,New prospects
JOURNEY-0569,CUSTOMER-0149,2025-08-24T02:50:00+00:00,0,Referral,0,0.0,Returning evaluators
JOURNEY-0570,CUSTOMER-0150,2025-08-29T02:21:00+00:00,0,Email,1,591.21,Existing customers
JOURNEY-0570,CUSTOMER-0150,2025-08-29T05:56:00+00:00,1,Product page,1,591.21,Existing customers
JOURNEY-0570,CUSTOMER-0150,2025-08-29T18:33:00+00:00,2,Sales chat,1,591.21,Existing customers
JOURNEY-0570,CUSTOMER-0150,2025-08-31T02:32:00+00:00,3,Checkout,1,591.21,Existing customers
JOURNEY-0571,CUSTOMER-0151,2025-04-13T10:32:00+00:00,0,Paid social,0,0.0,New prospects
JOURNEY-0571,CUSTOMER-0151,2025-04-13T22:59:00+00:00,1,Organic search,0,0.0,New prospects
JOURNEY-0572,CUSTOMER-0152,2025-10-10T11:15:00+00:00,0,Email,1,295.06,Returning evaluators
JOURNEY-0572,CUSTOMER-0152,2025-10-11T05:14:00+00:00,1,Pricing page,1,295.06,Returning evaluators
JOURNEY-0572,CUSTOMER-0152,2025-10-11T08:47:00+00:00,2,Sales chat,1,295.06,Returning evaluators
JOURNEY-0572,CUSTOMER-0152,2025-10-11T13:25:00+00:00,3,Checkout,1,295.06,Returning evaluators
JOURNEY-0573,CUSTOMER-0153,2025-04-18T09:27:00+00:00,0,Referral,1,293.48,Existing customers
JOURNEY-0573,CUSTOMER-0153,2025-04-19T16:31:00+00:00,1,Sales chat,1,293.48,Existing customers
JOURNEY-0574,CUSTOMER-0154,2025-07-18T15:06:00+00:00,0,Organic search,0,0.0,New prospects
JOURNEY-0574,CUSTOMER-0154,2025-07-18T19:49:00+00:00,1,Product page,0,0.0,New prospects
JOURNEY-0575,CUSTOMER-0155,2025-06-18T09:25:00+00:00,0,Email,0,0.0,Returning evaluators
JOURNEY-0576,CUSTOMER-0156,2025-05-14T11:53:00+00:00,0,Product page,1,251.6,Existing customers
JOURNEY-0576,CUSTOMER-0156,2025-05-15T05:27:00+00:00,1,Checkout,1,251.6,Existing customers
JOURNEY-0577,CUSTOMER-0157,2025-09-06T14:18:00+00:00,0,Content article,1,411.07,New prospects
JOURNEY-0577,CUSTOMER-0157,2025-09-07T12:33:00+00:00,1,Comparison tool,1,411.07,New prospects
JOURNEY-0577,CUSTOMER-0157,2025-09-08T14:13:00+00:00,2,Pricing page,1,411.07,New prospects
JOURNEY-0577,CUSTOMER-0157,2025-09-08T20:12:00+00:00,3,Checkout,1,411.07,New prospects
JOURNEY-0578,CUSTOMER-0158,2025-02-21T14:09:00+00:00,0,Email,0,0.0,Returning evaluators
JOURNEY-0578,CUSTOMER-0158,2025-02-21T14:31:00+00:00,1,Pricing page,0,0.0,Returning evaluators
JOURNEY-0578,CUSTOMER-0158,2025-02-21T17:34:00+00:00,2,Checkout,0,0.0,Returning evaluators
JOURNEY-0578,CUSTOMER-0158,2025-02-21T17:54:00+00:00,3,Checkout,0,0.0,Returning evaluators
JOURNEY-0579,CUSTOMER-0159,2025-09-06T07:08:00+00:00,0,Referral,0,0.0,Existing customers
JOURNEY-0580,CUSTOMER-0160,2025-01-30T07:08:00+00:00,0,Organic search,1,479.42,New prospects
JOURNEY-0580,CUSTOMER-0160,2025-01-31T02:59:00+00:00,1,Content article,1,479.42,New prospects
JOURNEY-0580,CUSTOMER-0160,2025-02-01T03:53:00+00:00,2,Webinar,1,479.42,New prospects
JOURNEY-0580,CUSTOMER-0160,2025-02-01T07:45:00+00:00,3,Sales chat,1,479.42,New prospects
JOURNEY-0580,CUSTOMER-0160,2025-02-01T21:36:00+00:00,4,Pricing page,1,479.42,New prospects
JOURNEY-0580,CUSTOMER-0160,2025-02-02T05:39:00+00:00,5,Checkout,1,479.42,New prospects
JOURNEY-0581,CUSTOMER-0161,2025-09-24T01:04:00+00:00,0,Referral,1,85.91,Returning evaluators
JOURNEY-0581,CUSTOMER-0161,2025-09-24T09:30:00+00:00,1,Sales chat,1,85.91,Returning evaluators
JOURNEY-0582,CUSTOMER-0162,2025-06-26T02:20:00+00:00,0,Email,0,0.0,Existing customers
JOURNEY-0582,CUSTOMER-0162,2025-06-27T00:41:00+00:00,1,Webinar,0,0.0,Existing customers
JOURNEY-0582,CUSTOMER-0162,2025-06-28T06:30:00+00:00,2,Product page,0,0.0,Existing customers
JOURNEY-0582,CUSTOMER-0162,2025-06-28T18:13:00+00:00,3,Pricing page,0,0.0,Existing customers
JOURNEY-0583,CUSTOMER-0163,2025-05-30T01:30:00+00:00,0,Email,1,271.59,New prospects
JOURNEY-0583,CUSTOMER-0163,2025-05-31T03:52:00+00:00,1,Product page,1,271.59,New prospects
JOURNEY-0583,CUSTOMER-0163,2025-05-31T04:15:00+00:00,2,Product page,1,271.59,New prospects
JOURNEY-0583,CUSTOMER-0163,2025-05-31T16:07:00+00:00,3,Pricing page,1,271.59,New prospects
JOURNEY-0583,CUSTOMER-0163,2025-05-31T23:21:00+00:00,4,Checkout,1,271.59,New prospects
JOURNEY-0583,CUSTOMER-0163,2025-06-01T19:55:00+00:00,5,Sales chat,1,271.59,New prospects
JOURNEY-0583,CUSTOMER-0163,2025-06-02T00:52:00+00:00,6,Checkout,1,271.59,New prospects
JOURNEY-0584,CUSTOMER-0164,2025-08-28T13:15:00+00:00,0,Referral,0,0.0,Returning evaluators
JOURNEY-0584,CUSTOMER-0164,2025-08-29T03:39:00+00:00,1,Pricing page,0,0.0,Returning evaluators
JOURNEY-0585,CUSTOMER-0165,2025-10-26T04:55:00+00:00,0,Referral,0,0.0,Existing customers
JOURNEY-0585,CUSTOMER-0165,2025-10-26T06:47:00+00:00,1,Content article,0,0.0,Existing customers
JOURNEY-0585,CUSTOMER-0165,2025-10-26T09:46:00+00:00,2,Comparison tool,0,0.0,Existing customers
JOURNEY-0586,CUSTOMER-0166,2025-08-17T19:05:00+00:00,0,Referral,0,0.0,New prospects
JOURNEY-0587,CUSTOMER-0167,2025-03-16T00:12:00+00:00,0,Product page,1,184.85,Returning evaluators
JOURNEY-0587,CUSTOMER-0167,2025-03-16T16:43:00+00:00,1,Checkout,1,184.85,Returning evaluators
JOURNEY-0587,CUSTOMER-0167,2025-03-17T10:22:00+00:00,2,Pricing page,1,184.85,Returning evaluators
JOURNEY-0587,CUSTOMER-0167,2025-03-18T00:51:00+00:00,3,Sales chat,1,184.85,Returning evaluators
JOURNEY-0588,CUSTOMER-0168,2025-02-26T02:05:00+00:00,0,Product page,0,0.0,Existing customers
JOURNEY-0588,CUSTOMER-0168,2025-02-26T19:56:00+00:00,1,Sales chat,0,0.0,Existing customers
JOURNEY-0588,CUSTOMER-0168,2025-02-27T10:10:00+00:00,2,Pricing page,0,0.0,Existing customers
JOURNEY-0589,CUSTOMER-0169,2025-09-06T09:16:00+00:00,0,Paid social,0,0.0,New prospects
JOURNEY-0589,CUSTOMER-0169,2025-09-06T18:45:00+00:00,1,Product page,0,0.0,New prospects
JOURNEY-0590,CUSTOMER-0170,2025-02-24T02:34:00+00:00,0,Email,1,217.57,Returning evaluators
JOURNEY-0590,CUSTOMER-0170,2025-02-24T11:33:00+00:00,1,Pricing page,1,217.57,Returning evaluators
JOURNEY-0590,CUSTOMER-0170,2025-02-24T11:57:00+00:00,2,Pricing page,1,217.57,Returning evaluators
JOURNEY-0590,CUSTOMER-0170,2025-02-25T09:00:00+00:00,3,Comparison tool,1,217.57,Returning evaluators
JOURNEY-0590,CUSTOMER-0170,2025-02-25T16:24:00+00:00,4,Sales chat,1,217.57,Returning evaluators
JOURNEY-0591,CUSTOMER-0171,2025-08-21T03:59:00+00:00,0,Referral,1,323.8,Existing customers
JOURNEY-0591,CUSTOMER-0171,2025-08-21T11:51:00+00:00,1,Pricing page,1,323.8,Existing customers
JOURNEY-0591,CUSTOMER-0171,2025-08-21T18:43:00+00:00,2,Checkout,1,323.8,Existing customers
JOURNEY-0592,CUSTOMER-0172,2025-04-05T06:57:00+00:00,0,Referral,0,0.0,New prospects
JOURNEY-0592,CUSTOMER-0172,2025-04-05T15:44:00+00:00,1,Sales chat,0,0.0,New prospects
JOURNEY-0593,CUSTOMER-0173,2025-01-21T02:17:00+00:00,0,Product page,1,266.22,Returning evaluators
JOURNEY-0593,CUSTOMER-0173,2025-01-21T05:53:00+00:00,1,Checkout,1,266.22,Returning evaluators
JOURNEY-0594,CUSTOMER-0174,2025-09-01T17:10:00+00:00,0,Referral,0,0.0,Existing customers
JOURNEY-0595,CUSTOMER-0175,2025-10-19T05:40:00+00:00,0,Paid social,0,0.0,New prospects
JOURNEY-0595,CUSTOMER-0175,2025-10-19T20:22:00+00:00,1,Content article,0,0.0,New prospects
JOURNEY-0595,CUSTOMER-0175,2025-10-20T14:02:00+00:00,2,Comparison tool,0,0.0,New prospects
JOURNEY-0595,CUSTOMER-0175,2025-10-21T22:32:00+00:00,3,Pricing page,0,0.0,New prospects
JOURNEY-0595,CUSTOMER-0175,2025-10-22T05:03:00+00:00,4,Sales chat,0,0.0,New prospects
JOURNEY-0595,CUSTOMER-0175,2025-10-22T13:37:00+00:00,5,Pricing page,0,0.0,New prospects
JOURNEY-0596,CUSTOMER-0176,2025-07-28T03:15:00+00:00,0,Organic search,1,244.23,Returning evaluators
JOURNEY-0596,CUSTOMER-0176,2025-07-28T21:03:00+00:00,1,Product page,1,244.23,Returning evaluators
JOURNEY-0596,CUSTOMER-0176,2025-07-29T16:12:00+00:00,2,Pricing page,1,244.23,Returning evaluators
JOURNEY-0596,CUSTOMER-0176,2025-07-29T17:26:00+00:00,3,Checkout,1,244.23,Returning evaluators
JOURNEY-0597,CUSTOMER-0177,2025-07-10T07:08:00+00:00,0,Product page,0,0.0,Existing customers
JOURNEY-0597,CUSTOMER-0177,2025-07-10T17:37:00+00:00,1,Sales chat,0,0.0,Existing customers
JOURNEY-0598,CUSTOMER-0178,2025-08-16T10:37:00+00:00,0,Paid social,0,0.0,New prospects
JOURNEY-0598,CUSTOMER-0178,2025-08-16T11:54:00+00:00,1,Organic search,0,0.0,New prospects
JOURNEY-0599,CUSTOMER-0179,2025-07-15T08:20:00+00:00,0,Organic search,0,0.0,Returning evaluators
JOURNEY-0599,CUSTOMER-0179,2025-07-15T18:33:00+00:00,1,Content article,0,0.0,Returning evaluators
JOURNEY-0599,CUSTOMER-0179,2025-07-16T01:55:00+00:00,2,Comparison tool,0,0.0,Returning evaluators
JOURNEY-0599,CUSTOMER-0179,2025-07-16T19:49:00+00:00,3,Pricing page,0,0.0,Returning evaluators
JOURNEY-0599,CUSTOMER-0179,2025-07-17T04:15:00+00:00,4,Comparison tool,0,0.0,Returning evaluators
JOURNEY-0599,CUSTOMER-0179,2025-07-17T04:25:00+00:00,5,Comparison tool,0,0.0,Returning evaluators
JOURNEY-0599,CUSTOMER-0179,2025-07-17T13:39:00+00:00,6,Sales chat,0,0.0,Returning evaluators
JOURNEY-0599,CUSTOMER-0179,2025-07-17T13:57:00+00:00,7,Sales chat,0,0.0,Returning evaluators
JOURNEY-0600,CUSTOMER-0180,2025-06-24T20:36:00+00:00,0,Email,0,0.0,Existing customers
JOURNEY-0600,CUSTOMER-0180,2025-06-25T10:23:00+00:00,1,Content article,0,0.0,Existing customers
JOURNEY-0601,CUSTOMER-0181,2025-10-22T03:39:00+00:00,0,Paid social,0,0.0,New prospects
JOURNEY-0601,CUSTOMER-0181,2025-10-22T23:49:00+00:00,1,Content article,0,0.0,New prospects
JOURNEY-0601,CUSTOMER-0181,2025-10-23T14:41:00+00:00,2,Product page,0,0.0,New prospects
JOURNEY-0601,CUSTOMER-0181,2025-10-23T14:45:00+00:00,3,Product page,0,0.0,New prospects
JOURNEY-0601,CUSTOMER-0181,2025-10-23T16:42:00+00:00,4,Pricing page,0,0.0,New prospects
JOURNEY-0602,CUSTOMER-0182,2025-10-31T10:29:00+00:00,0,Comparison tool,0,0.0,Returning evaluators
JOURNEY-0603,CUSTOMER-0183,2025-01-02T06:19:00+00:00,0,Webinar,0,0.0,Existing customers
JOURNEY-0603,CUSTOMER-0183,2025-01-02T18:04:00+00:00,1,Pricing page,0,0.0,Existing customers
JOURNEY-0604,CUSTOMER-0184,2025-07-12T02:35:00+00:00,0,Organic search,0,0.0,New prospects
JOURNEY-0604,CUSTOMER-0184,2025-07-12T03:55:00+00:00,1,Comparison tool,0,0.0,New prospects
JOURNEY-0604,CUSTOMER-0184,2025-07-13T06:52:00+00:00,2,Sales chat,0,0.0,New prospects
JOURNEY-0605,CUSTOMER-0185,2025-05-25T08:32:00+00:00,0,Email,0,0.0,Returning evaluators
JOURNEY-0605,CUSTOMER-0185,2025-05-25T09:59:00+00:00,1,Product page,0,0.0,Returning evaluators
JOURNEY-0605,CUSTOMER-0185,2025-05-26T07:21:00+00:00,2,Content article,0,0.0,Returning evaluators
JOURNEY-0605,CUSTOMER-0185,2025-05-26T12:39:00+00:00,3,Organic search,0,0.0,Returning evaluators
JOURNEY-0606,CUSTOMER-0186,2025-03-26T08:07:00+00:00,0,Webinar,0,0.0,Existing customers
JOURNEY-0607,CUSTOMER-0187,2025-07-03T05:24:00+00:00,0,Organic search,0,0.0,New prospects
JOURNEY-0607,CUSTOMER-0187,2025-07-03T15:44:00+00:00,1,Product page,0,0.0,New prospects
JOURNEY-0607,CUSTOMER-0187,2025-07-04T16:21:00+00:00,2,Comparison tool,0,0.0,New prospects
JOURNEY-0607,CUSTOMER-0187,2025-07-05T08:11:00+00:00,3,Product page,0,0.0,New prospects
JOURNEY-0608,CUSTOMER-0188,2025-01-26T08:13:00+00:00,0,Organic search,0,0.0,Returning evaluators
JOURNEY-0608,CUSTOMER-0188,2025-01-26T08:17:00+00:00,1,Organic search,0,0.0,Returning evaluators
JOURNEY-0609,CUSTOMER-0189,2025-08-23T17:31:00+00:00,0,Product page,1,193.66,Existing customers
JOURNEY-0609,CUSTOMER-0189,2025-08-24T01:12:00+00:00,1,Sales chat,1,193.66,Existing customers
JOURNEY-0609,CUSTOMER-0189,2025-08-24T12:47:00+00:00,2,Pricing page,1,193.66,Existing customers
JOURNEY-0610,CUSTOMER-0190,2025-03-09T18:11:00+00:00,0,Content article,0,0.0,New prospects
JOURNEY-0610,CUSTOMER-0190,2025-03-10T13:37:00+00:00,1,Comparison tool,0,0.0,New prospects
JOURNEY-0610,CUSTOMER-0190,2025-03-10T16:57:00+00:00,2,Pricing page,0,0.0,New prospects
JOURNEY-0611,CUSTOMER-0191,2025-03-27T04:48:00+00:00,0,Referral,0,0.0,Returning evaluators
JOURNEY-0611,CUSTOMER-0191,2025-03-27T14:36:00+00:00,1,Product page,0,0.0,Returning evaluators
JOURNEY-0611,CUSTOMER-0191,2025-03-27T16:49:00+00:00,2,Content article,0,0.0,Returning evaluators
JOURNEY-0612,CUSTOMER-0192,2025-10-22T04:33:00+00:00,0,Webinar,1,157.88,Existing customers
JOURNEY-0612,CUSTOMER-0192,2025-10-22T17:25:00+00:00,1,Sales chat,1,157.88,Existing customers
JOURNEY-0612,CUSTOMER-0192,2025-10-22T22:26:00+00:00,2,Checkout,1,157.88,Existing customers
JOURNEY-0613,CUSTOMER-0193,2025-04-01T10:27:00+00:00,0,Paid social,1,157.25,New prospects
JOURNEY-0613,CUSTOMER-0193,2025-04-01T22:22:00+00:00,1,Email,1,157.25,New prospects
JOURNEY-0613,CUSTOMER-0193,2025-04-03T10:25:00+00:00,2,Product page,1,157.25,New prospects
JOURNEY-0613,CUSTOMER-0193,2025-04-03T18:01:00+00:00,3,Checkout,1,157.25,New prospects
JOURNEY-0614,CUSTOMER-0194,2025-07-01T05:48:00+00:00,0,Email,0,0.0,Returning evaluators
JOURNEY-0615,CUSTOMER-0195,2025-09-01T22:50:00+00:00,0,Email,0,0.0,Existing customers
JOURNEY-0615,CUSTOMER-0195,2025-09-02T07:22:00+00:00,1,Content article,0,0.0,Existing customers
JOURNEY-0615,CUSTOMER-0195,2025-09-02T11:49:00+00:00,2,Product page,0,0.0,Existing customers
JOURNEY-0615,CUSTOMER-0195,2025-09-02T15:30:00+00:00,3,Comparison tool,0,0.0,Existing customers
JOURNEY-0615,CUSTOMER-0195,2025-09-04T07:34:00+00:00,4,Product page,0,0.0,Existing customers
JOURNEY-0616,CUSTOMER-0196,2025-11-07T19:32:00+00:00,0,Paid social,1,365.77,New prospects
JOURNEY-0616,CUSTOMER-0196,2025-11-08T01:19:00+00:00,1,Content article,1,365.77,New prospects
JOURNEY-0616,CUSTOMER-0196,2025-11-08T05:12:00+00:00,2,Email,1,365.77,New prospects
JOURNEY-0616,CUSTOMER-0196,2025-11-08T21:09:00+00:00,3,Webinar,1,365.77,New prospects
JOURNEY-0616,CUSTOMER-0196,2025-11-09T09:12:00+00:00,4,Email,1,365.77,New prospects
JOURNEY-0616,CUSTOMER-0196,2025-11-10T04:37:00+00:00,5,Content article,1,365.77,New prospects
JOURNEY-0616,CUSTOMER-0196,2025-11-10T12:44:00+00:00,6,Organic search,1,365.77,New prospects
JOURNEY-0616,CUSTOMER-0196,2025-11-10T19:44:00+00:00,7,Product page,1,365.77,New prospects
JOURNEY-0616,CUSTOMER-0196,2025-11-10T21:37:00+00:00,8,Comparison tool,1,365.77,New prospects
JOURNEY-0616,CUSTOMER-0196,2025-11-11T12:01:00+00:00,9,Checkout,1,365.77,New prospects
JOURNEY-0616,CUSTOMER-0196,2025-11-11T12:14:00+00:00,10,Checkout,1,365.77,New prospects
JOURNEY-0617,CUSTOMER-0197,2025-05-03T14:29:00+00:00,0,Organic search,1,96.93,Returning evaluators
JOURNEY-0617,CUSTOMER-0197,2025-05-03T22:33:00+00:00,1,Comparison tool,1,96.93,Returning evaluators
JOURNEY-0617,CUSTOMER-0197,2025-05-04T03:27:00+00:00,2,Pricing page,1,96.93,Returning evaluators
JOURNEY-0617,CUSTOMER-0197,2025-05-04T07:58:00+00:00,3,Comparison tool,1,96.93,Returning evaluators
JOURNEY-0617,CUSTOMER-0197,2025-05-04T22:35:00+00:00,4,Pricing page,1,96.93,Returning evaluators
JOURNEY-0617,CUSTOMER-0197,2025-05-05T12:00:00+00:00,5,Checkout,1,96.93,Returning evaluators
JOURNEY-0618,CUSTOMER-0198,2025-02-25T07:00:00+00:00,0,Referral,0,0.0,Existing customers
JOURNEY-0618,CUSTOMER-0198,2025-02-25T14:11:00+00:00,1,Product page,0,0.0,Existing customers
JOURNEY-0618,CUSTOMER-0198,2025-02-25T21:19:00+00:00,2,Comparison tool,0,0.0,Existing customers
JOURNEY-0618,CUSTOMER-0198,2025-02-26T04:43:00+00:00,3,Sales chat,0,0.0,Existing customers
JOURNEY-0618,CUSTOMER-0198,2025-02-26T15:47:00+00:00,4,Checkout,0,0.0,Existing customers
JOURNEY-0619,CUSTOMER-0199,2025-07-17T06:48:00+00:00,0,Content article,0,0.0,New prospects
JOURNEY-0619,CUSTOMER-0199,2025-07-17T20:07:00+00:00,1,Organic search,0,0.0,New prospects
JOURNEY-0619,CUSTOMER-0199,2025-07-18T17:17:00+00:00,2,Pricing page,0,0.0,New prospects
JOURNEY-0619,CUSTOMER-0199,2025-07-19T03:30:00+00:00,3,Sales chat,0,0.0,New prospects
JOURNEY-0619,CUSTOMER-0199,2025-07-19T08:46:00+00:00,4,Pricing page,0,0.0,New prospects
JOURNEY-0620,CUSTOMER-0200,2025-07-05T19:03:00+00:00,0,Referral,0,0.0,Returning evaluators
JOURNEY-0621,CUSTOMER-0201,2025-01-14T13:11:00+00:00,0,Webinar,1,143.18,Existing customers
JOURNEY-0621,CUSTOMER-0201,2025-01-14T22:37:00+00:00,1,Product page,1,143.18,Existing customers
JOURNEY-0621,CUSTOMER-0201,2025-01-15T03:40:00+00:00,2,Pricing page,1,143.18,Existing customers
JOURNEY-0622,CUSTOMER-0202,2025-04-29T11:37:00+00:00,0,Referral,1,224.98,New prospects
JOURNEY-0622,CUSTOMER-0202,2025-04-30T03:11:00+00:00,1,Sales chat,1,224.98,New prospects
JOURNEY-0622,CUSTOMER-0202,2025-04-30T11:28:00+00:00,2,Pricing page,1,224.98,New prospects
JOURNEY-0622,CUSTOMER-0202,2025-04-30T20:05:00+00:00,3,Checkout,1,224.98,New prospects
JOURNEY-0622,CUSTOMER-0202,2025-05-01T05:23:00+00:00,4,Sales chat,1,224.98,New prospects
JOURNEY-0623,CUSTOMER-0203,2025-06-02T17:56:00+00:00,0,Organic search,0,0.0,Returning evaluators
JOURNEY-0623,CUSTOMER-0203,2025-06-03T11:26:00+00:00,1,Product page,0,0.0,Returning evaluators
JOURNEY-0623,CUSTOMER-0203,2025-06-03T12:44:00+00:00,2,Comparison tool,0,0.0,Returning evaluators
JOURNEY-0623,CUSTOMER-0203,2025-06-04T01:04:00+00:00,3,Pricing page,0,0.0,Returning evaluators
JOURNEY-0623,CUSTOMER-0203,2025-06-04T04:02:00+00:00,4,Checkout,0,0.0,Returning evaluators
JOURNEY-0624,CUSTOMER-0204,2025-06-20T23:35:00+00:00,0,Product page,1,196.2,Existing customers
JOURNEY-0624,CUSTOMER-0204,2025-06-21T23:06:00+00:00,1,Sales chat,1,196.2,Existing customers
JOURNEY-0624,CUSTOMER-0204,2025-06-22T20:58:00+00:00,2,Checkout,1,196.2,Existing customers
JOURNEY-0625,CUSTOMER-0205,2025-11-19T09:11:00+00:00,0,Organic search,0,0.0,New prospects
JOURNEY-0626,CUSTOMER-0206,2025-01-28T19:14:00+00:00,0,Email,1,296.31,Returning evaluators
JOURNEY-0626,CUSTOMER-0206,2025-01-29T22:48:00+00:00,1,Product page,1,296.31,Returning evaluators
JOURNEY-0626,CUSTOMER-0206,2025-01-29T23:01:00+00:00,2,Product page,1,296.31,Returning evaluators
JOURNEY-0626,CUSTOMER-0206,2025-01-30T09:42:00+00:00,3,Checkout,1,296.31,Returning evaluators
JOURNEY-0626,CUSTOMER-0206,2025-01-31T03:55:00+00:00,4,Pricing page,1,296.31,Returning evaluators
JOURNEY-0626,CUSTOMER-0206,2025-02-01T05:13:00+00:00,5,Sales chat,1,296.31,Returning evaluators
JOURNEY-0626,CUSTOMER-0206,2025-02-01T05:37:00+00:00,6,Sales chat,1,296.31,Returning evaluators
JOURNEY-0627,CUSTOMER-0207,2025-09-07T01:37:00+00:00,0,Email,0,0.0,Existing customers
JOURNEY-0627,CUSTOMER-0207,2025-09-07T20:45:00+00:00,1,Content article,0,0.0,Existing customers
JOURNEY-0627,CUSTOMER-0207,2025-09-08T19:21:00+00:00,2,Webinar,0,0.0,Existing customers
JOURNEY-0628,CUSTOMER-0208,2025-04-12T04:27:00+00:00,0,Organic search,0,0.0,New prospects
JOURNEY-0628,CUSTOMER-0208,2025-04-12T13:40:00+00:00,1,Content article,0,0.0,New prospects
JOURNEY-0628,CUSTOMER-0208,2025-04-13T11:02:00+00:00,2,Product page,0,0.0,New prospects
JOURNEY-0628,CUSTOMER-0208,2025-04-13T16:48:00+00:00,3,Pricing page,0,0.0,New prospects
JOURNEY-0629,CUSTOMER-0209,2025-02-14T12:53:00+00:00,0,Email,0,0.0,Returning evaluators
JOURNEY-0629,CUSTOMER-0209,2025-02-15T00:45:00+00:00,1,Content article,0,0.0,Returning evaluators
JOURNEY-0629,CUSTOMER-0209,2025-02-16T07:03:00+00:00,2,Webinar,0,0.0,Returning evaluators
JOURNEY-0630,CUSTOMER-0210,2025-04-08T20:25:00+00:00,0,Referral,1,216.21,Existing customers
JOURNEY-0630,CUSTOMER-0210,2025-04-09T08:39:00+00:00,1,Sales chat,1,216.21,Existing customers
JOURNEY-0630,CUSTOMER-0210,2025-04-09T16:40:00+00:00,2,Checkout,1,216.21,Existing customers
JOURNEY-0631,CUSTOMER-0211,2025-02-21T05:08:00+00:00,0,Organic search,0,0.0,New prospects
JOURNEY-0632,CUSTOMER-0212,2025-09-16T16:35:00+00:00,0,Email,0,0.0,Returning evaluators
JOURNEY-0633,CUSTOMER-0213,2025-07-07T09:34:00+00:00,0,Referral,1,256.26,Existing customers
JOURNEY-0633,CUSTOMER-0213,2025-07-08T09:46:00+00:00,1,Product page,1,256.26,Existing customers
JOURNEY-0633,CUSTOMER-0213,2025-07-09T14:46:00+00:00,2,Sales chat,1,256.26,Existing customers
JOURNEY-0633,CUSTOMER-0213,2025-07-09T16:23:00+00:00,3,Checkout,1,256.26,Existing customers
JOURNEY-0633,CUSTOMER-0213,2025-07-09T16:41:00+00:00,4,Checkout,1,256.26,Existing customers
JOURNEY-0633,CUSTOMER-0213,2025-07-09T22:28:00+00:00,5,Sales chat,1,256.26,Existing customers
JOURNEY-0633,CUSTOMER-0213,2025-07-10T04:54:00+00:00,6,Checkout,1,256.26,Existing customers
JOURNEY-0634,CUSTOMER-0214,2025-03-22T17:35:00+00:00,0,Organic search,0,0.0,New prospects
JOURNEY-0634,CUSTOMER-0214,2025-03-23T07:30:00+00:00,1,Product page,0,0.0,New prospects
JOURNEY-0635,CUSTOMER-0215,2025-05-26T13:48:00+00:00,0,Email,0,0.0,Returning evaluators
JOURNEY-0635,CUSTOMER-0215,2025-05-27T03:05:00+00:00,1,Webinar,0,0.0,Returning evaluators
JOURNEY-0636,CUSTOMER-0216,2025-05-02T21:05:00+00:00,0,Webinar,1,202.9,Existing customers
JOURNEY-0636,CUSTOMER-0216,2025-05-03T00:19:00+00:00,1,Pricing page,1,202.9,Existing customers
JOURNEY-0637,CUSTOMER-0217,2025-01-11T09:17:00+00:00,0,Organic search,1,275.38,New prospects
JOURNEY-0637,CUSTOMER-0217,2025-01-11T14:19:00+00:00,1,Product page,1,275.38,New prospects
JOURNEY-0637,CUSTOMER-0217,2025-01-11T19:08:00+00:00,2,Sales chat,1,275.38,New prospects
JOURNEY-0637,CUSTOMER-0217,2025-01-12T06:52:00+00:00,3,Pricing page,1,275.38,New prospects
JOURNEY-0637,CUSTOMER-0217,2025-01-13T08:45:00+00:00,4,Checkout,1,275.38,New prospects
JOURNEY-0638,CUSTOMER-0218,2025-01-16T14:53:00+00:00,0,Product page,0,0.0,Returning evaluators
JOURNEY-0639,CUSTOMER-0219,2025-06-08T06:00:00+00:00,0,Organic search,0,0.0,Existing customers
JOURNEY-0640,CUSTOMER-0220,2025-09-10T19:34:00+00:00,0,Organic search,1,145.4,New prospects
JOURNEY-0640,CUSTOMER-0220,2025-09-11T15:03:00+00:00,1,Content article,1,145.4,New prospects
JOURNEY-0640,CUSTOMER-0220,2025-09-12T00:20:00+00:00,2,Webinar,1,145.4,New prospects
JOURNEY-0640,CUSTOMER-0220,2025-09-12T14:13:00+00:00,3,Product page,1,145.4,New prospects
JOURNEY-0640,CUSTOMER-0220,2025-09-12T14:30:00+00:00,4,Content article,1,145.4,New prospects
JOURNEY-0640,CUSTOMER-0220,2025-09-12T20:41:00+00:00,5,Webinar,1,145.4,New prospects
JOURNEY-0641,CUSTOMER-0221,2025-08-11T07:11:00+00:00,0,Organic search,1,306.97,Returning evaluators
JOURNEY-0641,CUSTOMER-0221,2025-08-11T14:58:00+00:00,1,Content article,1,306.97,Returning evaluators
JOURNEY-0641,CUSTOMER-0221,2025-08-12T06:36:00+00:00,2,Product page,1,306.97,Returning evaluators
JOURNEY-0641,CUSTOMER-0221,2025-08-12T14:23:00+00:00,3,Pricing page,1,306.97,Returning evaluators
JOURNEY-0641,CUSTOMER-0221,2025-08-13T02:13:00+00:00,4,Sales chat,1,306.97,Returning evaluators
JOURNEY-0641,CUSTOMER-0221,2025-08-13T08:40:00+00:00,5,Product page,1,306.97,Returning evaluators
JOURNEY-0641,CUSTOMER-0221,2025-08-13T13:53:00+00:00,6,Checkout,1,306.97,Returning evaluators
JOURNEY-0642,CUSTOMER-0222,2025-11-17T08:10:00+00:00,0,Webinar,0,0.0,Existing customers
JOURNEY-0642,CUSTOMER-0222,2025-11-17T11:53:00+00:00,1,Sales chat,0,0.0,Existing customers
JOURNEY-0643,CUSTOMER-0223,2025-02-10T10:26:00+00:00,0,Paid social,0,0.0,New prospects
JOURNEY-0644,CUSTOMER-0224,2025-07-26T23:21:00+00:00,0,Email,0,0.0,Returning evaluators
JOURNEY-0644,CUSTOMER-0224,2025-07-27T00:41:00+00:00,1,Webinar,0,0.0,Returning evaluators
JOURNEY-0645,CUSTOMER-0225,2025-02-10T03:31:00+00:00,0,Referral,1,477.07,Existing customers
JOURNEY-0645,CUSTOMER-0225,2025-02-10T07:03:00+00:00,1,Product page,1,477.07,Existing customers
JOURNEY-0645,CUSTOMER-0225,2025-02-11T17:09:00+00:00,2,Pricing page,1,477.07,Existing customers
JOURNEY-0645,CUSTOMER-0225,2025-02-11T17:25:00+00:00,3,Pricing page,1,477.07,Existing customers
JOURNEY-0645,CUSTOMER-0225,2025-02-11T20:57:00+00:00,4,Checkout,1,477.07,Existing customers
JOURNEY-0645,CUSTOMER-0225,2025-02-11T23:35:00+00:00,5,Pricing page,1,477.07,Existing customers
JOURNEY-0645,CUSTOMER-0225,2025-02-12T04:37:00+00:00,6,Checkout,1,477.07,Existing customers
JOURNEY-0645,CUSTOMER-0225,2025-02-12T04:47:00+00:00,7,Checkout,1,477.07,Existing customers
JOURNEY-0646,CUSTOMER-0226,2025-05-13T21:12:00+00:00,0,Paid social,0,0.0,New prospects
JOURNEY-0646,CUSTOMER-0226,2025-05-14T18:31:00+00:00,1,Email,0,0.0,New prospects
JOURNEY-0647,CUSTOMER-0227,2025-02-06T03:23:00+00:00,0,Product page,1,152.38,Returning evaluators
JOURNEY-0647,CUSTOMER-0227,2025-02-06T07:35:00+00:00,1,Comparison tool,1,152.38,Returning evaluators
JOURNEY-0647,CUSTOMER-0227,2025-02-06T20:45:00+00:00,2,Pricing page,1,152.38,Returning evaluators
JOURNEY-0648,CUSTOMER-0228,2025-08-29T12:16:00+00:00,0,Webinar,0,0.0,Existing customers
JOURNEY-0648,CUSTOMER-0228,2025-08-29T13:52:00+00:00,1,Pricing page,0,0.0,Existing customers
JOURNEY-0648,CUSTOMER-0228,2025-08-29T20:04:00+00:00,2,Checkout,0,0.0,Existing customers
JOURNEY-0649,CUSTOMER-0229,2025-04-17T20:14:00+00:00,0,Email,1,271.09,New prospects
JOURNEY-0649,CUSTOMER-0229,2025-04-18T20:45:00+00:00,1,Product page,1,271.09,New prospects
JOURNEY-0649,CUSTOMER-0229,2025-04-20T04:57:00+00:00,2,Sales chat,1,271.09,New prospects
JOURNEY-0650,CUSTOMER-0230,2025-03-18T03:43:00+00:00,0,Referral,1,165.35,Returning evaluators
JOURNEY-0650,CUSTOMER-0230,2025-03-18T06:13:00+00:00,1,Pricing page,1,165.35,Returning evaluators
JOURNEY-0650,CUSTOMER-0230,2025-03-18T07:01:00+00:00,2,Checkout,1,165.35,Returning evaluators
JOURNEY-0651,CUSTOMER-0231,2025-07-23T16:05:00+00:00,0,Referral,0,0.0,Existing customers
JOURNEY-0651,CUSTOMER-0231,2025-07-24T08:52:00+00:00,1,Content article,0,0.0,Existing customers
JOURNEY-0651,CUSTOMER-0231,2025-07-24T17:00:00+00:00,2,Product page,0,0.0,Existing customers
JOURNEY-0651,CUSTOMER-0231,2025-07-24T22:45:00+00:00,3,Content article,0,0.0,Existing customers
JOURNEY-0652,CUSTOMER-0232,2025-04-25T17:05:00+00:00,0,Paid social,1,321.29,New prospects
JOURNEY-0652,CUSTOMER-0232,2025-04-25T18:56:00+00:00,1,Content article,1,321.29,New prospects
JOURNEY-0652,CUSTOMER-0232,2025-04-26T08:29:00+00:00,2,Organic search,1,321.29,New prospects
JOURNEY-0652,CUSTOMER-0232,2025-04-27T00:01:00+00:00,3,Product page,1,321.29,New prospects
JOURNEY-0652,CUSTOMER-0232,2025-04-27T17:05:00+00:00,4,Pricing page,1,321.29,New prospects
JOURNEY-0653,CUSTOMER-0233,2025-02-18T09:07:00+00:00,0,Product page,0,0.0,Returning evaluators
JOURNEY-0653,CUSTOMER-0233,2025-02-18T15:22:00+00:00,1,Checkout,0,0.0,Returning evaluators
JOURNEY-0654,CUSTOMER-0234,2025-02-20T16:27:00+00:00,0,Referral,1,190.43,Existing customers
JOURNEY-0654,CUSTOMER-0234,2025-02-20T21:02:00+00:00,1,Pricing page,1,190.43,Existing customers
JOURNEY-0654,CUSTOMER-0234,2025-02-20T21:06:00+00:00,2,Pricing page,1,190.43,Existing customers
JOURNEY-0654,CUSTOMER-0234,2025-02-21T00:04:00+00:00,3,Comparison tool,1,190.43,Existing customers
JOURNEY-0654,CUSTOMER-0234,2025-02-22T08:44:00+00:00,4,Sales chat,1,190.43,Existing customers
JOURNEY-0654,CUSTOMER-0234,2025-02-22T16:51:00+00:00,5,Checkout,1,190.43,Existing customers
JOURNEY-0655,CUSTOMER-0235,2025-11-20T10:28:00+00:00,0,Organic search,0,0.0,New prospects
JOURNEY-0655,CUSTOMER-0235,2025-11-20T10:46:00+00:00,1,Organic search,0,0.0,New prospects
JOURNEY-0655,CUSTOMER-0235,2025-11-21T22:24:00+00:00,2,Product page,0,0.0,New prospects
JOURNEY-0655,CUSTOMER-0235,2025-11-22T09:17:00+00:00,3,Content article,0,0.0,New prospects
JOURNEY-0655,CUSTOMER-0235,2025-11-22T21:31:00+00:00,4,Email,0,0.0,New prospects
JOURNEY-0655,CUSTOMER-0235,2025-11-23T11:09:00+00:00,5,Product page,0,0.0,New prospects
JOURNEY-0655,CUSTOMER-0235,2025-11-23T13:03:00+00:00,6,Sales chat,0,0.0,New prospects
JOURNEY-0656,CUSTOMER-0236,2025-04-18T19:45:00+00:00,0,Product page,1,162.28,Returning evaluators
JOURNEY-0656,CUSTOMER-0236,2025-04-19T08:46:00+00:00,1,Checkout,1,162.28,Returning evaluators
JOURNEY-0657,CUSTOMER-0237,2025-10-02T11:32:00+00:00,0,Referral,1,145.5,Existing customers
JOURNEY-0657,CUSTOMER-0237,2025-10-03T00:09:00+00:00,1,Pricing page,1,145.5,Existing customers
JOURNEY-0658,CUSTOMER-0238,2025-02-27T05:54:00+00:00,0,Content article,0,0.0,New prospects
JOURNEY-0658,CUSTOMER-0238,2025-02-27T09:59:00+00:00,1,Comparison tool,0,0.0,New prospects
JOURNEY-0659,CUSTOMER-0239,2025-02-03T06:00:00+00:00,0,Organic search,0,0.0,Returning evaluators
JOURNEY-0660,CUSTOMER-0240,2025-06-18T03:16:00+00:00,0,Webinar,0,0.0,Existing customers
JOURNEY-0660,CUSTOMER-0240,2025-06-18T07:30:00+00:00,1,Sales chat,0,0.0,Existing customers
JOURNEY-0660,CUSTOMER-0240,2025-06-18T15:16:00+00:00,2,Checkout,0,0.0,Existing customers
JOURNEY-0660,CUSTOMER-0240,2025-06-18T15:32:00+00:00,3,Checkout,0,0.0,Existing customers
JOURNEY-0661,CUSTOMER-0241,2025-01-09T03:33:00+00:00,0,Organic search,1,100.23,New prospects
JOURNEY-0661,CUSTOMER-0241,2025-01-09T06:46:00+00:00,1,Product page,1,100.23,New prospects
JOURNEY-0661,CUSTOMER-0241,2025-01-09T09:57:00+00:00,2,Checkout,1,100.23,New prospects
JOURNEY-0662,CUSTOMER-0242,2025-08-02T05:40:00+00:00,0,Referral,0,0.0,Returning evaluators
JOURNEY-0662,CUSTOMER-0242,2025-08-04T00:51:00+00:00,1,Content article,0,0.0,Returning evaluators
JOURNEY-0662,CUSTOMER-0242,2025-08-04T13:51:00+00:00,2,Email,0,0.0,Returning evaluators
JOURNEY-0662,CUSTOMER-0242,2025-08-04T14:25:00+00:00,3,Product page,0,0.0,Returning evaluators
JOURNEY-0662,CUSTOMER-0242,2025-08-07T05:48:00+00:00,4,Pricing page,0,0.0,Returning evaluators
JOURNEY-0662,CUSTOMER-0242,2025-08-07T05:55:00+00:00,5,Pricing page,0,0.0,Returning evaluators
JOURNEY-0662,CUSTOMER-0242,2025-08-07T22:20:00+00:00,6,Checkout,0,0.0,Returning evaluators
JOURNEY-0663,CUSTOMER-0243,2025-01-01T12:50:00+00:00,0,Product page,0,0.0,Existing customers
JOURNEY-0664,CUSTOMER-0244,2025-01-18T15:57:00+00:00,0,Referral,0,0.0,New prospects
JOURNEY-0664,CUSTOMER-0244,2025-01-19T05:47:00+00:00,1,Product page,0,0.0,New prospects
JOURNEY-0664,CUSTOMER-0244,2025-01-19T08:41:00+00:00,2,Sales chat,0,0.0,New prospects
JOURNEY-0665,CUSTOMER-0245,2025-01-27T17:43:00+00:00,0,Email,1,185.97,Returning evaluators
JOURNEY-0665,CUSTOMER-0245,2025-01-28T00:16:00+00:00,1,Product page,1,185.97,Returning evaluators
JOURNEY-0665,CUSTOMER-0245,2025-01-28T07:46:00+00:00,2,Content article,1,185.97,Returning evaluators
JOURNEY-0665,CUSTOMER-0245,2025-01-28T13:24:00+00:00,3,Comparison tool,1,185.97,Returning evaluators
JOURNEY-0665,CUSTOMER-0245,2025-01-28T18:36:00+00:00,4,Sales chat,1,185.97,Returning evaluators
JOURNEY-0665,CUSTOMER-0245,2025-01-29T08:55:00+00:00,5,Pricing page,1,185.97,Returning evaluators
JOURNEY-0665,CUSTOMER-0245,2025-01-29T23:52:00+00:00,6,Sales chat,1,185.97,Returning evaluators
JOURNEY-0665,CUSTOMER-0245,2025-01-30T12:25:00+00:00,7,Checkout,1,185.97,Returning evaluators
JOURNEY-0666,CUSTOMER-0246,2025-11-21T14:42:00+00:00,0,Email,1,147.68,Existing customers
JOURNEY-0666,CUSTOMER-0246,2025-11-22T11:40:00+00:00,1,Webinar,1,147.68,Existing customers
JOURNEY-0666,CUSTOMER-0246,2025-11-22T13:20:00+00:00,2,Pricing page,1,147.68,Existing customers
JOURNEY-0666,CUSTOMER-0246,2025-11-22T18:12:00+00:00,3,Checkout,1,147.68,Existing customers
JOURNEY-0667,CUSTOMER-0247,2025-02-19T19:33:00+00:00,0,Organic search,0,0.0,New prospects
JOURNEY-0667,CUSTOMER-0247,2025-02-19T19:53:00+00:00,1,Organic search,0,0.0,New prospects
JOURNEY-0667,CUSTOMER-0247,2025-02-20T04:41:00+00:00,2,Pricing page,0,0.0,New prospects
JOURNEY-0668,CUSTOMER-0248,2025-09-13T03:52:00+00:00,0,Product page,0,0.0,Returning evaluators
JOURNEY-0668,CUSTOMER-0248,2025-09-13T07:12:00+00:00,1,Comparison tool,0,0.0,Returning evaluators
JOURNEY-0669,CUSTOMER-0249,2025-08-26T14:44:00+00:00,0,Product page,0,0.0,Existing customers
JOURNEY-0669,CUSTOMER-0249,2025-08-27T06:26:00+00:00,1,Pricing page,0,0.0,Existing customers
JOURNEY-0670,CUSTOMER-0250,2025-05-02T09:15:00+00:00,0,Content article,0,0.0,New prospects
JOURNEY-0671,CUSTOMER-0251,2025-11-15T03:09:00+00:00,0,Comparison tool,1,286.75,Returning evaluators
JOURNEY-0671,CUSTOMER-0251,2025-11-15T03:18:00+00:00,1,Comparison tool,1,286.75,Returning evaluators
JOURNEY-0671,CUSTOMER-0251,2025-11-15T14:39:00+00:00,2,Checkout,1,286.75,Returning evaluators
JOURNEY-0672,CUSTOMER-0252,2025-03-02T01:12:00+00:00,0,Organic search,1,230.9,Existing customers
JOURNEY-0672,CUSTOMER-0252,2025-03-02T14:47:00+00:00,1,Product page,1,230.9,Existing customers
JOURNEY-0672,CUSTOMER-0252,2025-03-02T19:28:00+00:00,2,Content article,1,230.9,Existing customers
JOURNEY-0672,CUSTOMER-0252,2025-03-02T23:53:00+00:00,3,Comparison tool,1,230.9,Existing customers
JOURNEY-0672,CUSTOMER-0252,2025-03-03T08:25:00+00:00,4,Pricing page,1,230.9,Existing customers
JOURNEY-0672,CUSTOMER-0252,2025-03-04T09:25:00+00:00,5,Comparison tool,1,230.9,Existing customers
JOURNEY-0672,CUSTOMER-0252,2025-03-05T03:04:00+00:00,6,Sales chat,1,230.9,Existing customers
JOURNEY-0672,CUSTOMER-0252,2025-03-05T14:10:00+00:00,7,Product page,1,230.9,Existing customers
JOURNEY-0672,CUSTOMER-0252,2025-03-05T21:10:00+00:00,8,Checkout,1,230.9,Existing customers
JOURNEY-0673,CUSTOMER-0253,2025-08-02T22:14:00+00:00,0,Paid social,0,0.0,New prospects
JOURNEY-0673,CUSTOMER-0253,2025-08-02T22:36:00+00:00,1,Paid social,0,0.0,New prospects
JOURNEY-0674,CUSTOMER-0254,2025-04-01T04:36:00+00:00,0,Email,1,283.74,Returning evaluators
JOURNEY-0674,CUSTOMER-0254,2025-04-01T05:34:00+00:00,1,Webinar,1,283.74,Returning evaluators
JOURNEY-0674,CUSTOMER-0254,2025-04-01T22:45:00+00:00,2,Pricing page,1,283.74,Returning evaluators
JOURNEY-0674,CUSTOMER-0254,2025-04-02T15:55:00+00:00,3,Checkout,1,283.74,Returning evaluators
JOURNEY-0675,CUSTOMER-0255,2025-07-06T07:01:00+00:00,0,Email,0,0.0,Existing customers
JOURNEY-0675,CUSTOMER-0255,2025-07-06T20:23:00+00:00,1,Product page,0,0.0,Existing customers
JOURNEY-0675,CUSTOMER-0255,2025-07-07T01:19:00+00:00,2,Comparison tool,0,0.0,Existing customers
JOURNEY-0676,CUSTOMER-0256,2025-06-07T13:21:00+00:00,0,Organic search,0,0.0,New prospects
JOURNEY-0676,CUSTOMER-0256,2025-06-07T18:20:00+00:00,1,Comparison tool,0,0.0,New prospects
JOURNEY-0677,CUSTOMER-0257,2025-05-03T07:02:00+00:00,0,Comparison tool,0,0.0,Returning evaluators
JOURNEY-0678,CUSTOMER-0258,2025-09-05T04:39:00+00:00,0,Email,0,0.0,Existing customers
JOURNEY-0678,CUSTOMER-0258,2025-09-05T04:59:00+00:00,1,Email,0,0.0,Existing customers
JOURNEY-0678,CUSTOMER-0258,2025-09-05T22:36:00+00:00,2,Product page,0,0.0,Existing customers
JOURNEY-0678,CUSTOMER-0258,2025-09-06T03:44:00+00:00,3,Sales chat,0,0.0,Existing customers
JOURNEY-0678,CUSTOMER-0258,2025-09-06T10:59:00+00:00,4,Pricing page,0,0.0,Existing customers
JOURNEY-0679,CUSTOMER-0259,2025-06-20T02:46:00+00:00,0,Content article,0,0.0,New prospects
JOURNEY-0679,CUSTOMER-0259,2025-06-20T14:52:00+00:00,1,Product page,0,0.0,New prospects
JOURNEY-0679,CUSTOMER-0259,2025-06-21T06:35:00+00:00,2,Pricing page,0,0.0,New prospects
JOURNEY-0680,CUSTOMER-0260,2025-08-02T15:19:00+00:00,0,Product page,1,202.96,Returning evaluators
JOURNEY-0680,CUSTOMER-0260,2025-08-03T08:05:00+00:00,1,Pricing page,1,202.96,Returning evaluators
JOURNEY-0680,CUSTOMER-0260,2025-08-03T21:31:00+00:00,2,Checkout,1,202.96,Returning evaluators
JOURNEY-0680,CUSTOMER-0260,2025-08-03T21:33:00+00:00,3,Checkout,1,202.96,Returning evaluators
JOURNEY-0681,CUSTOMER-0261,2025-01-13T12:11:00+00:00,0,Referral,0,0.0,Existing customers
JOURNEY-0682,CUSTOMER-0262,2025-02-22T00:21:00+00:00,0,Organic search,0,0.0,New prospects
JOURNEY-0682,CUSTOMER-0262,2025-02-22T14:27:00+00:00,1,Pricing page,0,0.0,New prospects
JOURNEY-0682,CUSTOMER-0262,2025-02-23T06:02:00+00:00,2,Sales chat,0,0.0,New prospects
JOURNEY-0682,CUSTOMER-0262,2025-02-23T12:44:00+00:00,3,Checkout,0,0.0,New prospects
JOURNEY-0683,CUSTOMER-0263,2025-07-31T01:32:00+00:00,0,Product page,1,201.47,Returning evaluators
JOURNEY-0683,CUSTOMER-0263,2025-07-31T09:19:00+00:00,1,Content article,1,201.47,Returning evaluators
JOURNEY-0683,CUSTOMER-0263,2025-08-01T05:37:00+00:00,2,Product page,1,201.47,Returning evaluators
JOURNEY-0683,CUSTOMER-0263,2025-08-01T12:03:00+00:00,3,Pricing page,1,201.47,Returning evaluators
JOURNEY-0684,CUSTOMER-0264,2025-03-16T06:25:00+00:00,0,Email,0,0.0,Existing customers
JOURNEY-0684,CUSTOMER-0264,2025-03-16T23:23:00+00:00,1,Product page,0,0.0,Existing customers
JOURNEY-0684,CUSTOMER-0264,2025-03-17T11:27:00+00:00,2,Comparison tool,0,0.0,Existing customers
JOURNEY-0684,CUSTOMER-0264,2025-03-18T08:44:00+00:00,3,Product page,0,0.0,Existing customers
JOURNEY-0684,CUSTOMER-0264,2025-03-18T23:04:00+00:00,4,Pricing page,0,0.0,Existing customers
JOURNEY-0684,CUSTOMER-0264,2025-03-19T17:36:00+00:00,5,Comparison tool,0,0.0,Existing customers
JOURNEY-0684,CUSTOMER-0264,2025-03-20T19:20:00+00:00,6,Sales chat,0,0.0,Existing customers
JOURNEY-0684,CUSTOMER-0264,2025-03-21T13:13:00+00:00,7,Pricing page,0,0.0,Existing customers
JOURNEY-0685,CUSTOMER-0265,2025-03-30T05:06:00+00:00,0,Paid social,0,0.0,New prospects
JOURNEY-0686,CUSTOMER-0266,2025-02-04T14:12:00+00:00,0,Organic search,1,191.49,Returning evaluators
JOURNEY-0686,CUSTOMER-0266,2025-02-04T15:08:00+00:00,1,Comparison tool,1,191.49,Returning evaluators
JOURNEY-0686,CUSTOMER-0266,2025-02-04T18:03:00+00:00,2,Checkout,1,191.49,Returning evaluators
JOURNEY-0686,CUSTOMER-0266,2025-02-04T18:17:00+00:00,3,Checkout,1,191.49,Returning evaluators
JOURNEY-0687,CUSTOMER-0267,2025-04-18T12:49:00+00:00,0,Organic search,1,257.99,Existing customers
JOURNEY-0687,CUSTOMER-0267,2025-04-19T09:56:00+00:00,1,Content article,1,257.99,Existing customers
JOURNEY-0687,CUSTOMER-0267,2025-04-19T19:03:00+00:00,2,Comparison tool,1,257.99,Existing customers
JOURNEY-0687,CUSTOMER-0267,2025-04-19T19:05:00+00:00,3,Comparison tool,1,257.99,Existing customers
JOURNEY-0687,CUSTOMER-0267,2025-04-19T19:42:00+00:00,4,Pricing page,1,257.99,Existing customers
JOURNEY-0687,CUSTOMER-0267,2025-04-19T19:52:00+00:00,5,Sales chat,1,257.99,Existing customers
JOURNEY-0687,CUSTOMER-0267,2025-04-19T20:00:00+00:00,6,Sales chat,1,257.99,Existing customers
JOURNEY-0687,CUSTOMER-0267,2025-04-19T21:25:00+00:00,7,Pricing page,1,257.99,Existing customers
JOURNEY-0687,CUSTOMER-0267,2025-04-20T16:10:00+00:00,8,Checkout,1,257.99,Existing customers
JOURNEY-0687,CUSTOMER-0267,2025-04-20T16:54:00+00:00,9,Pricing page,1,257.99,Existing customers
JOURNEY-0687,CUSTOMER-0267,2025-04-21T05:16:00+00:00,10,Checkout,1,257.99,Existing customers
JOURNEY-0688,CUSTOMER-0268,2025-05-10T10:47:00+00:00,0,Content article,0,0.0,New prospects
JOURNEY-0688,CUSTOMER-0268,2025-05-11T01:17:00+00:00,1,Product page,0,0.0,New prospects
JOURNEY-0688,CUSTOMER-0268,2025-05-11T01:32:00+00:00,2,Product page,0,0.0,New prospects
JOURNEY-0689,CUSTOMER-0269,2025-05-06T02:25:00+00:00,0,Email,1,207.99,Returning evaluators
JOURNEY-0689,CUSTOMER-0269,2025-05-06T04:20:00+00:00,1,Product page,1,207.99,Returning evaluators
JOURNEY-0689,CUSTOMER-0269,2025-05-06T17:18:00+00:00,2,Pricing page,1,207.99,Returning evaluators
JOURNEY-0689,CUSTOMER-0269,2025-05-07T05:34:00+00:00,3,Checkout,1,207.99,Returning evaluators
JOURNEY-0690,CUSTOMER-0270,2025-04-16T02:15:00+00:00,0,Referral,1,165.87,Existing customers
JOURNEY-0690,CUSTOMER-0270,2025-04-16T19:48:00+00:00,1,Product page,1,165.87,Existing customers
JOURNEY-0690,CUSTOMER-0270,2025-04-17T03:43:00+00:00,2,Sales chat,1,165.87,Existing customers
JOURNEY-0691,CUSTOMER-0271,2025-11-14T04:56:00+00:00,0,Paid social,0,0.0,New prospects
JOURNEY-0692,CUSTOMER-0272,2025-07-16T14:51:00+00:00,0,Email,1,344.78,Returning evaluators
JOURNEY-0692,CUSTOMER-0272,2025-07-17T07:59:00+00:00,1,Webinar,1,344.78,Returning evaluators
JOURNEY-0692,CUSTOMER-0272,2025-07-17T23:20:00+00:00,2,Product page,1,344.78,Returning evaluators
JOURNEY-0692,CUSTOMER-0272,2025-07-18T17:17:00+00:00,3,Comparison tool,1,344.78,Returning evaluators
JOURNEY-0692,CUSTOMER-0272,2025-07-18T17:36:00+00:00,4,Comparison tool,1,344.78,Returning evaluators
JOURNEY-0692,CUSTOMER-0272,2025-07-20T02:30:00+00:00,5,Product page,1,344.78,Returning evaluators
JOURNEY-0692,CUSTOMER-0272,2025-07-20T13:16:00+00:00,6,Sales chat,1,344.78,Returning evaluators
JOURNEY-0692,CUSTOMER-0272,2025-07-21T18:23:00+00:00,7,Pricing page,1,344.78,Returning evaluators
JOURNEY-0692,CUSTOMER-0272,2025-07-21T21:14:00+00:00,8,Checkout,1,344.78,Returning evaluators
JOURNEY-0693,CUSTOMER-0273,2025-02-04T06:16:00+00:00,0,Organic search,1,647.31,Existing customers
JOURNEY-0693,CUSTOMER-0273,2025-02-04T16:45:00+00:00,1,Product page,1,647.31,Existing customers
JOURNEY-0693,CUSTOMER-0273,2025-02-06T06:31:00+00:00,2,Pricing page,1,647.31,Existing customers
JOURNEY-0694,CUSTOMER-0274,2025-01-15T06:30:00+00:00,0,Organic search,1,189.83,New prospects
JOURNEY-0694,CUSTOMER-0274,2025-01-15T12:18:00+00:00,1,Comparison tool,1,189.83,New prospects
JOURNEY-0694,CUSTOMER-0274,2025-01-15T23:24:00+00:00,2,Pricing page,1,189.83,New prospects
JOURNEY-0695,CUSTOMER-0275,2025-05-23T13:06:00+00:00,0,Product page,0,0.0,Returning evaluators
JOURNEY-0695,CUSTOMER-0275,2025-05-23T18:24:00+00:00,1,Pricing page,0,0.0,Returning evaluators
JOURNEY-0695,CUSTOMER-0275,2025-05-24T00:41:00+00:00,2,Checkout,0,0.0,Returning evaluators
JOURNEY-0696,CUSTOMER-0276,2025-06-25T12:23:00+00:00,0,Organic search,0,0.0,Existing customers
JOURNEY-0696,CUSTOMER-0276,2025-06-25T20:47:00+00:00,1,Content article,0,0.0,Existing customers
JOURNEY-0696,CUSTOMER-0276,2025-06-26T03:54:00+00:00,2,Product page,0,0.0,Existing customers
JOURNEY-0697,CUSTOMER-0277,2025-04-03T08:07:00+00:00,0,Organic search,0,0.0,New prospects
JOURNEY-0697,CUSTOMER-0277,2025-04-04T10:27:00+00:00,1,Comparison tool,0,0.0,New prospects
JOURNEY-0697,CUSTOMER-0277,2025-04-04T13:20:00+00:00,2,Sales chat,0,0.0,New prospects
JOURNEY-0697,CUSTOMER-0277,2025-04-04T22:38:00+00:00,3,Pricing page,0,0.0,New prospects
JOURNEY-0697,CUSTOMER-0277,2025-04-05T02:07:00+00:00,4,Checkout,0,0.0,New prospects
JOURNEY-0697,CUSTOMER-0277,2025-04-05T04:17:00+00:00,5,Pricing page,0,0.0,New prospects
JOURNEY-0697,CUSTOMER-0277,2025-04-06T02:08:00+00:00,6,Comparison tool,0,0.0,New prospects
JOURNEY-0697,CUSTOMER-0277,2025-04-06T12:16:00+00:00,7,Checkout,0,0.0,New prospects
JOURNEY-0698,CUSTOMER-0278,2025-10-27T20:24:00+00:00,0,Email,1,197.74,Returning evaluators
JOURNEY-0698,CUSTOMER-0278,2025-10-28T14:39:00+00:00,1,Webinar,1,197.74,Returning evaluators
JOURNEY-0698,CUSTOMER-0278,2025-10-28T23:00:00+00:00,2,Sales chat,1,197.74,Returning evaluators
JOURNEY-0698,CUSTOMER-0278,2025-10-30T07:00:00+00:00,3,Checkout,1,197.74,Returning evaluators
JOURNEY-0699,CUSTOMER-0279,2025-04-07T11:34:00+00:00,0,Webinar,1,318.98,Existing customers
JOURNEY-0700,CUSTOMER-0280,2025-11-01T07:51:00+00:00,0,Paid social,0,0.0,New prospects
JOURNEY-0701,CUSTOMER-0281,2025-11-15T07:28:00+00:00,0,Organic search,0,0.0,Returning evaluators
JOURNEY-0701,CUSTOMER-0281,2025-11-15T15:33:00+00:00,1,Comparison tool,0,0.0,Returning evaluators
JOURNEY-0701,CUSTOMER-0281,2025-11-16T01:18:00+00:00,2,Pricing page,0,0.0,Returning evaluators
JOURNEY-0701,CUSTOMER-0281,2025-11-16T08:37:00+00:00,3,Comparison tool,0,0.0,Returning evaluators
JOURNEY-0702,CUSTOMER-0282,2025-03-17T10:40:00+00:00,0,Product page,0,0.0,Existing customers
JOURNEY-0702,CUSTOMER-0282,2025-03-17T19:06:00+00:00,1,Sales chat,0,0.0,Existing customers
JOURNEY-0703,CUSTOMER-0283,2025-10-10T20:58:00+00:00,0,Content article,0,0.0,New prospects
JOURNEY-0703,CUSTOMER-0283,2025-10-10T21:05:00+00:00,1,Content article,0,0.0,New prospects
JOURNEY-0704,CUSTOMER-0284,2025-02-22T08:30:00+00:00,0,Product page,0,0.0,Returning evaluators
JOURNEY-0705,CUSTOMER-0285,2025-02-10T21:44:00+00:00,0,Email,0,0.0,Existing customers
JOURNEY-0705,CUSTOMER-0285,2025-02-11T11:34:00+00:00,1,Product page,0,0.0,Existing customers
JOURNEY-0705,CUSTOMER-0285,2025-02-12T01:23:00+00:00,2,Sales chat,0,0.0,Existing customers
JOURNEY-0706,CUSTOMER-0286,2025-05-25T13:35:00+00:00,0,Paid social,1,110.92,New prospects
JOURNEY-0706,CUSTOMER-0286,2025-05-25T18:46:00+00:00,1,Email,1,110.92,New prospects
JOURNEY-0706,CUSTOMER-0286,2025-05-26T01:15:00+00:00,2,Content article,1,110.92,New prospects
JOURNEY-0706,CUSTOMER-0286,2025-05-26T06:53:00+00:00,3,Webinar,1,110.92,New prospects
JOURNEY-0706,CUSTOMER-0286,2025-05-26T16:27:00+00:00,4,Sales chat,1,110.92,New prospects
JOURNEY-0706,CUSTOMER-0286,2025-05-28T00:27:00+00:00,5,Checkout,1,110.92,New prospects
JOURNEY-0707,CUSTOMER-0287,2025-03-22T10:30:00+00:00,0,Referral,1,158.9,Returning evaluators
JOURNEY-0707,CUSTOMER-0287,2025-03-23T01:05:00+00:00,1,Pricing page,1,158.9,Returning evaluators
JOURNEY-0707,CUSTOMER-0287,2025-03-23T06:02:00+00:00,2,Checkout,1,158.9,Returning evaluators
JOURNEY-0708,CUSTOMER-0288,2025-07-15T14:40:00+00:00,0,Email,0,0.0,Existing customers
JOURNEY-0708,CUSTOMER-0288,2025-07-15T14:44:00+00:00,1,Email,0,0.0,Existing customers
JOURNEY-0708,CUSTOMER-0288,2025-07-16T04:11:00+00:00,2,Content article,0,0.0,Existing customers
JOURNEY-0708,CUSTOMER-0288,2025-07-16T04:20:00+00:00,3,Content article,0,0.0,Existing customers
JOURNEY-0708,CUSTOMER-0288,2025-07-16T10:07:00+00:00,4,Comparison tool,0,0.0,Existing customers
JOURNEY-0708,CUSTOMER-0288,2025-07-16T21:12:00+00:00,5,Product page,0,0.0,Existing customers
JOURNEY-0708,CUSTOMER-0288,2025-07-17T01:32:00+00:00,6,Pricing page,0,0.0,Existing customers
JOURNEY-0708,CUSTOMER-0288,2025-07-17T20:50:00+00:00,7,Comparison tool,0,0.0,Existing customers
JOURNEY-0708,CUSTOMER-0288,2025-07-17T22:00:00+00:00,8,Checkout,0,0.0,Existing customers
JOURNEY-0709,CUSTOMER-0289,2025-06-11T17:28:00+00:00,0,Content article,0,0.0,New prospects
JOURNEY-0709,CUSTOMER-0289,2025-06-11T17:39:00+00:00,1,Content article,0,0.0,New prospects
JOURNEY-0709,CUSTOMER-0289,2025-06-12T01:50:00+00:00,2,Email,0,0.0,New prospects
JOURNEY-0710,CUSTOMER-0290,2025-04-02T23:52:00+00:00,0,Organic search,1,190.3,Returning evaluators
JOURNEY-0710,CUSTOMER-0290,2025-04-03T15:23:00+00:00,1,Product page,1,190.3,Returning evaluators
JOURNEY-0710,CUSTOMER-0290,2025-04-04T00:54:00+00:00,2,Sales chat,1,190.3,Returning evaluators
JOURNEY-0710,CUSTOMER-0290,2025-04-04T12:38:00+00:00,3,Checkout,1,190.3,Returning evaluators
JOURNEY-0710,CUSTOMER-0290,2025-04-04T12:41:00+00:00,4,Checkout,1,190.3,Returning evaluators
JOURNEY-0711,CUSTOMER-0291,2025-10-01T00:39:00+00:00,0,Email,0,0.0,Existing customers
JOURNEY-0712,CUSTOMER-0292,2025-03-26T06:38:00+00:00,0,Paid social,0,0.0,New prospects
JOURNEY-0712,CUSTOMER-0292,2025-03-26T13:44:00+00:00,1,Content article,0,0.0,New prospects
JOURNEY-0712,CUSTOMER-0292,2025-03-26T14:10:00+00:00,2,Product page,0,0.0,New prospects
JOURNEY-0712,CUSTOMER-0292,2025-03-27T09:21:00+00:00,3,Comparison tool,0,0.0,New prospects
JOURNEY-0713,CUSTOMER-0293,2025-01-01T16:14:00+00:00,0,Email,1,262.93,Returning evaluators
JOURNEY-0713,CUSTOMER-0293,2025-01-01T22:49:00+00:00,1,Product page,1,262.93,Returning evaluators
JOURNEY-0713,CUSTOMER-0293,2025-01-02T08:23:00+00:00,2,Pricing page,1,262.93,Returning evaluators
JOURNEY-0713,CUSTOMER-0293,2025-01-02T16:56:00+00:00,3,Checkout,1,262.93,Returning evaluators
JOURNEY-0714,CUSTOMER-0294,2025-05-20T04:18:00+00:00,0,Webinar,0,0.0,Existing customers
JOURNEY-0714,CUSTOMER-0294,2025-05-21T06:49:00+00:00,1,Sales chat,0,0.0,Existing customers
JOURNEY-0715,CUSTOMER-0295,2025-03-08T07:35:00+00:00,0,Organic search,0,0.0,New prospects
JOURNEY-0715,CUSTOMER-0295,2025-03-08T11:26:00+00:00,1,Content article,0,0.0,New prospects
JOURNEY-0716,CUSTOMER-0296,2025-05-14T05:49:00+00:00,0,Referral,1,199.46,Returning evaluators
JOURNEY-0716,CUSTOMER-0296,2025-05-14T09:13:00+00:00,1,Pricing page,1,199.46,Returning evaluators
JOURNEY-0716,CUSTOMER-0296,2025-05-14T18:24:00+00:00,2,Sales chat,1,199.46,Returning evaluators
JOURNEY-0716,CUSTOMER-0296,2025-05-15T02:38:00+00:00,3,Pricing page,1,199.46,Returning evaluators
JOURNEY-0716,CUSTOMER-0296,2025-05-15T18:48:00+00:00,4,Checkout,1,199.46,Returning evaluators
JOURNEY-0717,CUSTOMER-0297,2025-08-16T03:52:00+00:00,0,Product page,0,0.0,Existing customers
JOURNEY-0717,CUSTOMER-0297,2025-08-16T14:58:00+00:00,1,Checkout,0,0.0,Existing customers
JOURNEY-0718,CUSTOMER-0298,2025-11-09T09:39:00+00:00,0,Organic search,1,191.48,New prospects
JOURNEY-0718,CUSTOMER-0298,2025-11-09T18:01:00+00:00,1,Comparison tool,1,191.48,New prospects
JOURNEY-0718,CUSTOMER-0298,2025-11-10T12:42:00+00:00,2,Sales chat,1,191.48,New prospects
JOURNEY-0718,CUSTOMER-0298,2025-11-11T18:39:00+00:00,3,Pricing page,1,191.48,New prospects
JOURNEY-0718,CUSTOMER-0298,2025-11-12T02:39:00+00:00,4,Checkout,1,191.48,New prospects
JOURNEY-0719,CUSTOMER-0299,2025-10-14T12:20:00+00:00,0,Email,0,0.0,Returning evaluators
JOURNEY-0719,CUSTOMER-0299,2025-10-15T16:49:00+00:00,1,Webinar,0,0.0,Returning evaluators
JOURNEY-0719,CUSTOMER-0299,2025-10-16T00:18:00+00:00,2,Email,0,0.0,Returning evaluators
JOURNEY-0720,CUSTOMER-0300,2025-08-16T03:58:00+00:00,0,Email,1,163.1,Existing customers
JOURNEY-0720,CUSTOMER-0300,2025-08-16T09:02:00+00:00,1,Content article,1,163.1,Existing customers
JOURNEY-0720,CUSTOMER-0300,2025-08-16T17:33:00+00:00,2,Comparison tool,1,163.1,Existing customers
JOURNEY-0720,CUSTOMER-0300,2025-08-17T03:16:00+00:00,3,Sales chat,1,163.1,Existing customers
